url,title,price,sku,category,description,tags,jsonld
https://www.treasurevalleycannabis.com/collections/all,Menu,,,,,,
https://www.treasurevalleycannabis.com/events/list/,Menu,,"{""slug"":""list"",""prev_url"":""https:\/\/www.treasurevalleycannabis.com\/events\/list\/?eventDisplay=past"",""next_url"":"""",""view_class"":""Tribe\\Events\\Views\\V2\\Views\\List_View"",""view_slug"":""list"",""view_label"":""List"",""title"":""Events Archive - Treasure Valley Cannabis Company"",""events"":[],""url"":""https:\/\/www.treasurevalleycannabis.com\/events\/list\/"",""url_event_date"":false,""bar"":{""keyword"":"""",""date"":""""},""today"":""2026-03-27 00:00:00"",""now"":""2026-03-27 12:35:26"",""home_url"":""https:\/\/www.treasurevalleycannabis.com"",""rest_url"":""https:\/\/www.treasurevalleycannabis.com\/wp-json\/tribe\/views\/v2\/html"",""rest_method"":""GET"",""rest_nonce"":"""",""should_manage_url"":true,""today_url"":""https:\/\/www.treasurevalleycannabis.com\/events\/list\/"",""today_title"":""Click to select today's date"",""today_label"":""Today"",""prev_label"":"""",""next_label"":"""",""date_formats"":{""compact"":""n\/j\/Y"",""month_and_year_compact"":""n\/j\/Y"",""month_and_year"":""F Y"",""time_range_separator"":"" - "",""date_time_separator"":"" @ ""},""messages"":{""notice"":[""There are no upcoming events.""]},""start_of_week"":""1"",""header_title"":"""",""header_title_element"":""h1"",""content_title"":"""",""breadcrumbs"":[],""backlink"":false,""before_events"":"""",""after_events"":""\n<!--\nThis calendar is powered by The Events Calendar.\nhttp:\/\/evnt.is\/18wn\n-->\n"",""display_events_bar"":true,""disable_event_search"":false,""live_refresh"":true,""ical"":{""display_link"":true,""link"":{""url"":""https:\/\/www.treasurevalleycannabis.com\/events\/list\/?ical=1"",""text"":""Export Events"",""title"":""Use this to share calendar data with Google Calendar, Apple iCal and other compatible apps""}},""container_classes"":[""tribe-common"",""tribe-events"",""tribe-events-view"",""tribe-events-view--list""],""container_data"":[],""is_past"":false,""breakpoints"":{""xsmall"":500,""medium"":768,""full"":960},""breakpoint_pointer"":""ae331d50-cada-4345-aea0-9cba30565b12"",""is_initial_load"":true,""public_views"":{""list"":{""view_class"":""Tribe\\Events\\Views\\V2\\Views\\List_View"",""view_url"":""https:\/\/www.treasurevalleycannabis.com\/events\/list\/"",""view_label"":""List"",""aria_label"":""Display Events in List View""},""month"":{""view_class"":""Tribe\\Events\\Views\\V2\\Views\\Month_View"",""view_url"":""https:\/\/www.treasurevalleycannabis.com\/events\/month\/"",""view_label"":""Month"",""aria_label"":""Display Events in Month View""},""day"":{""view_class"":""Tribe\\Events\\Views\\V2\\Views\\Day_View"",""view_url"":""https:\/\/www.treasurevalleycannabis.com\/events\/today\/"",""view_label"":""Day"",""aria_label"":""Display Events in Day View""}},""show_latest_past"":true,""past"":false,""show_now"":true,""now_label"":""Upcoming"",""now_label_mobile"":""Upcoming"",""show_end"":false,""selected_start_datetime"":""2026-03-27"",""selected_start_date_mobile"":""3\/27\/2026"",""selected_start_date_label"":""March 27"",""selected_end_datetime"":""2026-03-27"",""selected_end_date_mobile"":""3\/27\/2026"",""selected_end_date_label"":""Now"",""datepicker_date"":""3\/27\/2026"",""subscribe_links"":{""gcal"":{""label"":""Google Calendar"",""single_label"":""Add to Google Calendar"",""visible"":true,""block_slug"":""hasGoogleCalendar""},""ical"":{""label"":""iCalendar"",""single_label"":""Add to iCalendar"",""visible"":true,""block_slug"":""hasiCal""},""outlook-365"":{""label"":""Outlook 365"",""single_label"":""Outlook 365"",""visible"":true,""block_slug"":""hasOutlook365""},""outlook-live"":{""label"":""Outlook Live"",""single_label"":""Outlook Live"",""visible"":true,""block_slug"":""hasOutlookLive""},""ics"":{""label"":""Export .ics file"",""single_label"":""Export .ics file"",""visible"":true,""block_slug"":null},""outlook-ics"":{""label"":""Export Outlook .ics file"",""single_label"":""Export Outlook .ics file"",""visible"":true,""block_slug"":null}},""_context"":{""slug"":""list""},""text"":""Loading..."",""classes"":[""tribe-common-c-loader__dot"",""tribe-common-c-loader__dot--third""]}","May52025,May52025,May","Celebrate the moms, caregivers, and nurturers in your life with our Mother’s Day Sale, running all week from May 5th–May 11th! Enjoy up to 40% off some of your favorite brands, including: 40% OFF: Farmer’s Friend, Concrete Jungle, Piff Stix, Hapy Kitchen, Bobsled 30% OFF: Mule Extracts, Entourage Cannabis, Higher Culture, High Desert Pure, Verdant […]","May52025,May52025,May,5,2025,Feb152025,Feb152025,Feb,15,2025,Feb152025,Feb152025,Feb,15,2025",
https://www.treasurevalleycannabis.com/shop/vaporizers/,Menu,$13.50$15,,"Skip to main contentTreasure Valley Cannabis CompanyMenuMenuShopVirtual BudtenderLoyaltySpecialsAboutEducationVisit UsOrder AheadShopFlowerEdiblesPre-RollsVapesConcentratesTincturesTopicalsAboutAbout UsOur FarmOur ProductsVisit UsEventsLocationContactShopFlowerEdiblesPre-RollsVapesConcentratesTincturesTopicalsVirtual BudtenderLoyaltySpecialsAboutAbout UsOur FarmOur ProductsEducationVisit UsEventsLocationContactOrder AheadFlowerEdiblesPre-RollsVapesConcentratesTincturesTopicalsHomeMenuVaporizersVaporizersShop AllFlowerEdiblesPre-RollsVapesConcentrateTincturesCBDClonesTopicalsSeedsApparelAccessoriesFilterSort ResultsSort By: Best SellingDefaultBest SellingLow to High PriceHigh to Low PriceLow to High PotencyHigh to Low PotencyName: A-ZName: Z-AFiltersSort bySort ResultsSort By: Best SellingDefaultBest SellingLow to High PriceHigh to Low PriceLow to High PotencyHigh to Low PotencyName: A-ZName: Z-ABrandsAltered AlchemyBeehive ExtractsBobsled (Vape Cart)Boujee BlendzBuddiesCapital CannabisCold Frame FarmsDisco DabsDougieDr. Jolly'sEarl BakerEcho ElectuaryEntourage CannabisEugreen FarmsFFE PDXFRESHYGem CartsGrown RogueHigher CulturesHigh Latitude ExtractsHypnoticHypnoticIconicLivetia FarmsLTRMNMoonwalkMule ExtractsNorthWest OiltechOrchid EssentialsOregrownPiff StixsPocket PufferPortland HeightsPunch BowlRIPTIDESelectSessions Cannabis ExtractSitka NorthwestTreasure Valley Cannabis Co.Treasure Valley Cannabis CompanyTreasure Valley Cannabis Company (Cart)Treasure Valley Finest!Treasure Valley's FinestTreasure Valley's Finest! (Cart)TVF Hash Co. (Cart)Verdant LeafWhite Label ExtractsWhite Label Extracts (Inhalable Cannabinoid)Willamette Valley AlchemyView AllStrain TypesHybridSativaIndicaIndica HybridSativa HybridTHCTHC:0% - 100%0100CBDCBD:0% - 100%0100Clear AllSearchSort ResultsSort By: Best SellingDefaultBest SellingLow to High PriceHigh to Low PriceLow to High PotencyHigh to Low PotencyName: A-ZName: Z-AClearShow Results10% Off10% Off$13.50$151gCapital Cannabis 1g JACK'S PASSION Flavored Distillate Vape CartridgeCapital CannabisSativaTHC: 862.6mgCBD: 5.6mgAdd To Cart$13.50$151g30% Off30% Off$30.80$442gPiff Stixs 2g WATERMELON MILKSHAKE Cured Resin Vape CartridgePiff StixsIndicaTHC: 89.61%Add To Cart$30.80$442g10% Off10% Off$31.50$351gSessions Cannabis Extract 1g STRAWBERRY GARY Live Resin All-In-One Vape CartridgeSessions Cannabis ExtractHybridTHC: 86.48%CBD: 0.17%Add To Cart$31.50$351g10% Off10% Off$13.50$151gTreasure Valley's Finest! 1g BLUEBERRY MUFFIN Flavored Distillate Vape CartridgeTreasure Valley's Finest! (Cart)IndicaTHC: 811.7mgCBD: 0.16%Add To Cart$13.50$151g10% Off10% Off$13.50$151gTreasure Valley's Finest! 1g VANILLA WAFER Flavored Distillate Vape CartridgeTreasure Valley's Finest! (Cart)HybridTHC: 819.4mgCBD: 4.3mgAdd To Cart$13.50$151g10% Off10% Off$13.50$151gTreasure Valley's Finest! 1g SUPER BOOF Flavored Distillate Vape CartridgeTreasure Valley's Finest! (Cart)HybridTHC: 806.3mgCBD: 0.16%Add To Cart$13.50$151g30% Off30% Off$21$301gMule Extracts 1g PINEAPPLE THAI LR Vape CartridgeMule ExtractsSativaTHC: 84.93%Add To Cart$21$301g10% Off10% Off$13.50$151gTreasure Valley's Finest! 1g GRANDDADDY PURPLE Flavored Distillate Vape CartridgeTreasure Valley's Finest! (Cart)IndicaTHC: 831.6mgCBD: 1.6mgAdd To Cart$13.50$151g10% Off10% Off$13.50$151gTreasure Valley's Finest! 1g ORANGE TSUNAMI Flavored Distillate Vape CartridgeTreasure Valley's Finest! (Cart)SativaTHC: 826.7mgCBD: 0.16%Add To Cart$13.50$151g10% Off10% Off$13.50$151gTreasure Valley's Finest! 1g TIGER BLOOD Flavored Distillate Vape CartridgeTreasure Valley's Finest! (Cart)SativaTHC: 834.9mgCBD: 0.16%Add To Cart$13.50$151g10% Off10% Off$22.50$251gVerdant Leaf 1g BASTARD'S BODEGA Live Rosin + Cured Resin Vape CartridgeVerdant LeafIndicaTHC: 80.6%CBD: 0.68%Add To Cart$22.50$251g30% Off30% Off$28$401gPiff Stixs 1g TRAP CHERRY Liquid Diamonds Vape CartridgePiff StixsSativaTHC: 72.02%Add To Cart$28$401g10% Off10% Off$27$302gWLE 2g WATERMELON Flavored Distillate All-In-OneWhite Label Extracts (Inhalable Cannabinoid)IndicaTHC: 1624.2mgCBD: 0.14%Add To Cart$27$302g10% Off10% Off$18$201gOrange DreamsicleFRESHYHybridTHC: 836.6mgCBD: 0.34%Add To Cart$18$201g30% Off30% Off$10.50$15.5gPiff Stixs .5g STRAWBERRY Liquid Diamonds Disposable Vape CartridgePiff StixsSativaTHC: 76.27%Add To Cart$10.50$15.5g10% Off10% Off$13.50$151gTreasure Valley's Finest! 1g BLUE COTTON CANDY Flavored Distillate Vape CartridgeTreasure Valley's Finest! (Cart)IndicaTHC: 811.8mgCBD: 0.16%Add To Cart$13.50$151g10% Off10% Off$18$201gSessions Cannabis Extract 1g PURPLE PUNCH Cured Resin Vape CartridgeSessions Cannabis ExtractHybridTHC: 79.91%CBD: 0.18%Add To Cart$18$201g30% Off30% Off$15.40$221gMule Extracts 1g FUJI MINT M-Tec Vape CartridgeMule ExtractsSativaTHC: 76%CBD: 0.61%Add To Cart$15.40$221g20% Off20% Off$26.40$331gEntourage Cannabis 1g GRAPEFRUIT KALI SNAPPLE LR Vape CartridgeEntourage CannabisSativa HybridTHC: 59.27%CBD: 0.11%Add To Cart$26.40$331g10% Off10% Off$16.20$181gBuddies 1g APRICOT HELIX Distillate Vape CartridgeBuddiesHybridTHC: 863.7mgCBD: 1.32%Add To Cart$16.20$181g10% Off10% Off$18$201gFreshy 1g BANANA CANDY Flavored Live Resin Vape CartridgeFRESHYSativaTHC: 844.6mgCBD: 0.44%Add To Cart$18$201g10% Off10% Off$13.50$151gTreasure Valley's Finest! 1g SOUR TANGIE Flavored Distillate Vape CartridgeTreasure Valley's Finest! (Cart)SativaTHC: 824.2mgCBD: 4.2mgAdd To Cart$13.50$151g30% Off30% Off$30.80$442gPiff Stixs 2g VELVET LUSHERS Cured Resin Vape CartridgePiff StixsHybridTHC: 77.63%CBD: 0.19%Add To Cart$30.80$442g30% Off30% Off$22.40$321gHigher Cultures 1g HEADBANGER Live Resin All-In-One PenHigher CulturesHybridTHC: 76.81%Add To Cart$22.40$321g1234...8NextShopping CartYour cart's emptywas just added to your cart.Continue to CartLoading...Continue to CartVape Carts in Ontario ORTreasure Valley Cannabis Company offers one of the best selections of vape carts and disposable vape pens in Ontario, OR. Look for all the top picks from highly favored brands known for staying true to the strains and providing the best possible experience at Treasure Valley.The Top Vape Pens and Vape Carts in Ontario ORIf you’re looking for a dispensary menu with one of the most diverse and trustworthy collections of vape carts in Ontario OR, TVCC is the place to visit. Treasure Valley works with the most reputable vape cart producers in Oregon to provide customers with an unbeatable selection. By hand-selecting which brands are worthy of inclusion, Treasure Valley never disappoints when it comes to potency, purity, and quality.The Treasure Valley menu includes vape carts and disposable cannabis vapes from brands like Buddies, Sitka Northwest, Bobsled Extracts, Select, and Treasure Valley’s Finest. You’ll find vape carts and pens made with high-quality extracts like THC distillate, terpene-rich resin and rosin, and more.A Diverse Selection of the Best Vape Carts in Ontario ORTreasure Valley strives to make sure every visitor gains access to the vape that will deliver the experience they prefer. Whether you are on the lookout for one of the most potent vapes made with distillate and authentic terpenes for flavor or you prefer something more low-key and true to the cannabinoid and terpene profile of the strain, you can find your next favorite on the menu.Shop for weed vapes modeled after your favorite strains, like Cherry Mimosa, Blue Dream, Ice Cream Cake, Banana Kush, and more. Or, shop for carefully crafted vapes made with major and minor cannabinoids and high levels of your most preferred cannabis terpenes.Find the Best Vape Carts Near Idaho at Treasure ValleyWhether you are on the search for the best vape pens near Idaho or vape carts in Ontario OR, Treasure Valley Cannabis Company is the place to visit. The dispensary is just a quick trip from Idaho and conveniently positioned for those in Eastern Oregon. Stop in and explore the collection of vapes at Treasure Valley, where a smile and a wholehearted passion for good cannabis experiences await.ProductsFlowerEdiblesPre-RollsVapesConcentratesTincturesTopicalsQuick LinksShopVirtual BudtenderSpecialsAboutEducationContactVisit UsCareersContact560 SE 12th AveOntario OR, 97914(458) 224-8400Mon-Sun: 7:00am – 10:00pminfo@treasurevalleycannabis.comWant to hear more from us?  Sign up for our newsletter.Email© 2026 
				Treasure Valley Cannabis Company. 
				All Rights Reserved.facebookinstagramtwitterTerms & ConditionsSite bySearch All ProductsSearchSwitch your Store toHypnotic 2g OG KUSH Live Resin All-In-One?Each location has its own separate shopping cart.If you switch locations, your current cart items will not transfer over.CancelSelect weight$NaN / ea11Add To CartfacebookinstagramtwitterAre you 21 years of age or a registered medical cardholder?Yes I amNo, Not yetYou are not old enough to view this WebsiteNotificationsLet me help you findwhat you're looking for!,HomeMenuVaporizers,Vaporizers",,"Skip to main contentTreasure Valley Cannabis CompanyMenuMenuShopVirtual BudtenderLoyaltySpecialsAboutEducationVisit UsOrder AheadShopFlowerEdiblesPre-RollsVapesConcentratesTincturesTopicalsAboutAbout UsOur FarmOur ProductsVisit UsEventsLocationContactShopFlowerEdiblesPre-RollsVapesConcentratesTincturesTopicalsVirtual BudtenderLoyaltySpecialsAboutAbout UsOur FarmOur ProductsEducationVisit UsEventsLocationContactOrder AheadFlowerEdiblesPre-RollsVapesConcentratesTincturesTopicalsHomeMenuVaporizersVaporizersShop AllFlowerEdiblesPre-RollsVapesConcentrateTincturesCBDClonesTopicalsSeedsApparelAccessoriesFilterSort ResultsSort By: Best SellingDefaultBest SellingLow to High PriceHigh to Low PriceLow to High PotencyHigh to Low PotencyName: A-ZName: Z-AFiltersSort bySort ResultsSort By: Best SellingDefaultBest SellingLow to High PriceHigh to Low PriceLow to High PotencyHigh to Low PotencyName: A-ZName: Z-ABrandsAltered AlchemyBeehive ExtractsBobsled (Vape Cart)Boujee BlendzBuddiesCapital CannabisCold Frame FarmsDisco DabsDougieDr. Jolly'sEarl BakerEcho ElectuaryEntourage CannabisEugreen FarmsFFE PDXFRESHYGem CartsGrown RogueHigher CulturesHigh Latitude ExtractsHypnoticHypnoticIconicLivetia FarmsLTRMNMoonwalkMule ExtractsNorthWest OiltechOrchid EssentialsOregrownPiff StixsPocket PufferPortland HeightsPunch BowlRIPTIDESelectSessions Cannabis ExtractSitka NorthwestTreasure Valley Cannabis Co.Treasure Valley Cannabis CompanyTreasure Valley Cannabis Company (Cart)Treasure Valley Finest!Treasure Valley's FinestTreasure Valley's Finest! (Cart)TVF Hash Co. (Cart)Verdant LeafWhite Label ExtractsWhite Label Extracts (Inhalable Cannabinoid)Willamette Valley AlchemyView AllStrain TypesHybridSativaIndicaIndica HybridSativa HybridTHCTHC:0% - 100%0100CBDCBD:0% - 100%0100Clear AllSearchSort ResultsSort By: Best SellingDefaultBest SellingLow to High PriceHigh to Low PriceLow to High PotencyHigh to Low PotencyName: A-ZName: Z-AClearShow Results10% Off10% Off$13.50$151gCapital Cannabis 1g JACK'S PASSION Flavored Distillate Vape CartridgeCapital CannabisSativaTHC: 862.6mgCBD: 5.6mgAdd To Cart$13.50$151g30% Off30% Off$30.80$442gPiff Stixs 2g WATERMELON MILKSHAKE Cured Resin Vape CartridgePiff StixsIndicaTHC: 89.61%Add To Cart$30.80$442g10% Off10% Off$31.50$351gSessions Cannabis Extract 1g STRAWBERRY GARY Live Resin All-In-One Vape CartridgeSessions Cannabis ExtractHybridTHC: 86.48%CBD: 0.17%Add To Cart$31.50$351g10% Off10% Off$13.50$151gTreasure Valley's Finest! 1g BLUEBERRY MUFFIN Flavored Distillate Vape CartridgeTreasure Valley's Finest! (Cart)IndicaTHC: 811.7mgCBD: 0.16%Add To Cart$13.50$151g10% Off10% Off$13.50$151gTreasure Valley's Finest! 1g VANILLA WAFER Flavored Distillate Vape CartridgeTreasure Valley's Finest! (Cart)HybridTHC: 819.4mgCBD: 4.3mgAdd To Cart$13.50$151g10% Off10% Off$13.50$151gTreasure Valley's Finest! 1g SUPER BOOF Flavored Distillate Vape CartridgeTreasure Valley's Finest! (Cart)HybridTHC: 806.3mgCBD: 0.16%Add To Cart$13.50$151g30% Off30% Off$21$301gMule Extracts 1g PINEAPPLE THAI LR Vape CartridgeMule ExtractsSativaTHC: 84.93%Add To Cart$21$301g10% Off10% Off$13.50$151gTreasure Valley's Finest! 1g GRANDDADDY PURPLE Flavored Distillate Vape CartridgeTreasure Valley's Finest! (Cart)IndicaTHC: 831.6mgCBD: 1.6mgAdd To Cart$13.50$151g10% Off10% Off$13.50$151gTreasure Valley's Finest! 1g ORANGE TSUNAMI Flavored Distillate Vape CartridgeTreasure Valley's Finest! (Cart)SativaTHC: 826.7mgCBD: 0.16%Add To Cart$13.50$151g10% Off10% Off$13.50$151gTreasure Valley's Finest! 1g TIGER BLOOD Flavored Distillate Vape CartridgeTreasure Valley's Finest! (Cart)SativaTHC: 834.9mgCBD: 0.16%Add To Cart$13.50$151g10% Off10% Off$22.50$251gVerdant Leaf 1g BASTARD'S BODEGA Live Rosin + Cured Resin Vape CartridgeVerdant LeafIndicaTHC: 80.6%CBD: 0.68%Add To Cart$22.50$251g30% Off30% Off$28$401gPiff Stixs 1g TRAP CHERRY Liquid Diamonds Vape CartridgePiff StixsSativaTHC: 72.02%Add To Cart$28$401g10% Off10% Off$27$302gWLE 2g WATERMELON Flavored Distillate All-In-OneWhite Label Extracts (Inhalable Cannabinoid)IndicaTHC: 1624.2mgCBD: 0.14%Add To Cart$27$302g10% Off10% Off$18$201gOrange DreamsicleFRESHYHybridTHC: 836.6mgCBD: 0.34%Add To Cart$18$201g30% Off30% Off$10.50$15.5gPiff Stixs .5g STRAWBERRY Liquid Diamonds Disposable Vape CartridgePiff StixsSativaTHC: 76.27%Add To Cart$10.50$15.5g10% Off10% Off$13.50$151gTreasure Valley's Finest! 1g BLUE COTTON CANDY Flavored Distillate Vape CartridgeTreasure Valley's Finest! (Cart)IndicaTHC: 811.8mgCBD: 0.16%Add To Cart$13.50$151g10% Off10% Off$18$201gSessions Cannabis Extract 1g PURPLE PUNCH Cured Resin Vape CartridgeSessions Cannabis ExtractHybridTHC: 79.91%CBD: 0.18%Add To Cart$18$201g30% Off30% Off$15.40$221gMule Extracts 1g FUJI MINT M-Tec Vape CartridgeMule ExtractsSativaTHC: 76%CBD: 0.61%Add To Cart$15.40$221g20% Off20% Off$26.40$331gEntourage Cannabis 1g GRAPEFRUIT KALI SNAPPLE LR Vape CartridgeEntourage CannabisSativa HybridTHC: 59.27%CBD: 0.11%Add To Cart$26.40$331g10% Off10% Off$16.20$181gBuddies 1g APRICOT HELIX Distillate Vape CartridgeBuddiesHybridTHC: 863.7mgCBD: 1.32%Add To Cart$16.20$181g10% Off10% Off$18$201gFreshy 1g BANANA CANDY Flavored Live Resin Vape CartridgeFRESHYSativaTHC: 844.6mgCBD: 0.44%Add To Cart$18$201g10% Off10% Off$13.50$151gTreasure Valley's Finest! 1g SOUR TANGIE Flavored Distillate Vape CartridgeTreasure Valley's Finest! (Cart)SativaTHC: 824.2mgCBD: 4.2mgAdd To Cart$13.50$151g30% Off30% Off$30.80$442gPiff Stixs 2g VELVET LUSHERS Cured Resin Vape CartridgePiff StixsHybridTHC: 77.63%CBD: 0.19%Add To Cart$30.80$442g30% Off30% Off$22.40$321gHigher Cultures 1g HEADBANGER Live Resin All-In-One PenHigher CulturesHybridTHC: 76.81%Add To Cart$22.40$321g1234...8NextShopping CartYour cart's emptywas just added to your cart.Continue to CartLoading...Continue to CartVape Carts in Ontario ORTreasure Valley Cannabis Company offers one of the best selections of vape carts and disposable vape pens in Ontario, OR. Look for all the top picks from highly favored brands known for staying true to the strains and providing the best possible experience at Treasure Valley.The Top Vape Pens and Vape Carts in Ontario ORIf you’re looking for a dispensary menu with one of the most diverse and trustworthy collections of vape carts in Ontario OR, TVCC is the place to visit. Treasure Valley works with the most reputable vape cart producers in Oregon to provide customers with an unbeatable selection. By hand-selecting which brands are worthy of inclusion, Treasure Valley never disappoints when it comes to potency, purity, and quality.The Treasure Valley menu includes vape carts and disposable cannabis vapes from brands like Buddies, Sitka Northwest, Bobsled Extracts, Select, and Treasure Valley’s Finest. You’ll find vape carts and pens made with high-quality extracts like THC distillate, terpene-rich resin and rosin, and more.A Diverse Selection of the Best Vape Carts in Ontario ORTreasure Valley strives to make sure every visitor gains access to the vape that will deliver the experience they prefer. Whether you are on the lookout for one of the most potent vapes made with distillate and authentic terpenes for flavor or you prefer something more low-key and true to the cannabinoid and terpene profile of the strain, you can find your next favorite on the menu.Shop for weed vapes modeled after your favorite strains, like Cherry Mimosa, Blue Dream, Ice Cream Cake, Banana Kush, and more. Or, shop for carefully crafted vapes made with major and minor cannabinoids and high levels of your most preferred cannabis terpenes.Find the Best Vape Carts Near Idaho at Treasure ValleyWhether you are on the search for the best vape pens near Idaho or vape carts in Ontario OR, Treasure Valley Cannabis Company is the place to visit. The dispensary is just a quick trip from Idaho and conveniently positioned for those in Eastern Oregon. Stop in and explore the collection of vapes at Treasure Valley, where a smile and a wholehearted passion for good cannabis experiences await.ProductsFlowerEdiblesPre-RollsVapesConcentratesTincturesTopicalsQuick LinksShopVirtual BudtenderSpecialsAboutEducationContactVisit UsCareersContact560 SE 12th AveOntario OR, 97914(458) 224-8400Mon-Sun: 7:00am – 10:00pminfo@treasurevalleycannabis.comWant to hear more from us?  Sign up for our newsletter.Email© 2026 
				Treasure Valley Cannabis Company. 
				All Rights Reserved.facebookinstagramtwitterTerms & ConditionsSite bySearch All ProductsSearchSwitch your Store toHypnotic 2g OG KUSH Live Resin All-In-One?Each location has its own separate shopping cart.If you switch locations, your current cart items will not transfer over.CancelSelect weight$NaN / ea11Add To CartfacebookinstagramtwitterAre you 21 years of age or a registered medical cardholder?Yes I amNo, Not yetYou are not old enough to view this WebsiteNotificationsLet me help you findwhat you're looking for!,HomeMenuVaporizers,Vaporizers,Shop All,Shop All,Flower,Flower,Edibles,Edibles,Pre-Rolls,Pre-Rolls,Vapes,Vapes,Concentrate,Concentrate,Tinctures,Tinctures,CBD,CBD,Clones,Clones,Topicals,Topicals,Seeds,Seeds,Apparel,Apparel,Accessories,Accessories,Vape Carts in Ontario ORTreasure Valley Cannabis Company offers one of the best selections of vape carts and disposable vape pens in Ontario, OR. Look for all the top picks from highly favored brands known for staying true to the strains and providing the best possible experience at Treasure Valley.The Top Vape Pens and Vape Carts in Ontario ORIf you’re looking for a dispensary menu with one of the most diverse and trustworthy collections of vape carts in Ontario OR, TVCC is the place to visit. Treasure Valley works with the most reputable vape cart producers in Oregon to provide customers with an unbeatable selection. By hand-selecting which brands are worthy of inclusion, Treasure Valley never disappoints when it comes to potency, purity, and quality.The Treasure Valley menu includes vape carts and disposable cannabis vapes from brands like Buddies, Sitka Northwest, Bobsled Extracts, Select, and Treasure Valley’s Finest. You’ll find vape carts and pens made with high-quality extracts like THC distillate, terpene-rich resin and rosin, and more.A Diverse Selection of the Best Vape Carts in Ontario ORTreasure Valley strives to make sure every visitor gains access to the vape that will deliver the experience they prefer. Whether you are on the lookout for one of the most potent vapes made with distillate and authentic terpenes for flavor or you prefer something more low-key and true to the cannabinoid and terpene profile of the strain, you can find your next favorite on the menu.Shop for weed vapes modeled after your favorite strains, like Cherry Mimosa, Blue Dream, Ice Cream Cake, Banana Kush, and more. Or, shop for carefully crafted vapes made with major and minor cannabinoids and high levels of your most preferred cannabis terpenes.Find the Best Vape Carts Near Idaho at Treasure ValleyWhether you are on the search for the best vape pens near Idaho or vape carts in Ontario OR, Treasure Valley Cannabis Company is the place to visit. The dispensary is just a quick trip from Idaho and conveniently positioned for those in Eastern Oregon. Stop in and explore the collection of vapes at Treasure Valley, where a smile and a wholehearted passion for good cannabis experiences await.",
https://www.treasurevalleycannabis.com/shop/edibles/,Menu,$3.60$6,,"Skip to main contentTreasure Valley Cannabis CompanyMenuMenuShopVirtual BudtenderLoyaltySpecialsAboutEducationVisit UsOrder AheadShopFlowerEdiblesPre-RollsVapesConcentratesTincturesTopicalsAboutAbout UsOur FarmOur ProductsVisit UsEventsLocationContactShopFlowerEdiblesPre-RollsVapesConcentratesTincturesTopicalsVirtual BudtenderLoyaltySpecialsAboutAbout UsOur FarmOur ProductsEducationVisit UsEventsLocationContactOrder AheadFlowerEdiblesPre-RollsVapesConcentratesTincturesTopicalsHomeMenuEdiblesEdiblesShop AllFlowerEdiblesPre-RollsVapesConcentrateTincturesCBDClonesTopicalsSeedsApparelAccessoriesFilterSort ResultsSort By: Best SellingDefaultBest SellingLow to High PriceHigh to Low PriceLow to High PotencyHigh to Low PotencyName: A-ZName: Z-AFiltersSort bySort ResultsSort By: Best SellingDefaultBest SellingLow to High PriceHigh to Low PriceLow to High PotencyHigh to Low PotencyName: A-ZName: Z-ABrandsChompd EdiblesCrown B AlchemyDr. Jolly'sDropsFFE PDXGreen State of MindGreen State of Mind, Inc.GrönHappy CabbageHapy KitchenHyphae WellnessJoy Bombs by JoyiblesJUNK by Leif GoodsKeefLaurie & Mary JaneLeft Hand LabsLeif GoodsMagic NumberMajorMary JonesMellow VibesMr. Moxey's MintsMule ExtractsSmokiez EdiblesSynergy Skin WorxTreasure Valley's Finest! (Gummy)Verdant LeafWillamette Valley AlchemyWyldView AllStrain TypesIndicaHybridSativaTHCIndica HybridTHCTHC:0mg - 1000mg01000CBDCBD:0mg - 1000mg01000Clear AllSearchSort ResultsSort By: Best SellingDefaultBest SellingLow to High PriceHigh to Low PriceLow to High PotencyHigh to Low PotencyName: A-ZName: Z-AClearShow Results40% Off40% Off$3.60$6Wyld One 100mg STRAWBERRY LEMONADE Sativa Single GummyWyldSativaTHC: 104mgAdd To Cart$3.60$620% Off20% Off$7.99$10Watermelon Pearls - THC - IndicaGrönIndicaTHC: 105mgAdd To Cart$7.99$1040% Off40% Off$10.80$18Wyld 100mg RASPBERRY Sativa Gummies 10pkWyldSativaTHC: 99.2mgAdd To Cart$10.80$1820% Off20% Off$16.01$204:1 Pomegranate Pearls - CBD/THC - HybridGrönHybridTHC: 97.91mgCBD: 391.76mgAdd To Cart$16.01$20$5Sour Botz 100mg FRUIT PUNCH Hybrid Cannabis GummyGreen State of Mind, Inc.HybridTHC: 102.15mgAdd To Cart$5$3.50Major 100mg FRUIT PUNCH Cannabis Infused Fruit DrinkMajorHybridTHC: 105.6mgAdd To Cart$3.5040% Off40% Off$10.80$18Wyld 100mg SOUR APPLE Sativa Gummies 10pkWyldSativaTHC: 103.6mgAdd To Cart$10.80$1840% Off40% Off$10.80$18Wyld 100mg MARIONBERRY Indica Gummies 10pkWyldIndicaTHC: 103.2mgAdd To Cart$10.80$18$36Dr. Jolly's 2g 1:1 CBD:THC HOUSE BLEND Full Spectrum Cannabis Extract (FECO)Dr. Jolly'sHybridTHC: 42.78%CBD: 43.3%Add To Cart$36$5TVF! 100mg BANANA COLADA Hybrid Medallion Single JellyTreasure Valley's Finest! (Gummy)HybridTHC: 94.5mgAdd To Cart$5$3.50Major 100mg BLUEBERRY Cannabis Infused Fruit DrinkMajorHybridTHC: 105.6mgAdd To Cart$3.50$5TVF! 100mg MARIONBERRY Indica Medallion Single JellyTreasure Valley's Finest! (Gummy)IndicaTHC: 91mgCBD: 0.2mgAdd To Cart$540% Off40% Off$12$20Good Tide 100mg PINEAPPLE Sativa Solventless Hash Rosin Cannabis-Infused Gummies 10pkWyldSativaTHC: 106mgAdd To Cart$12$20$5Sour Botz 100mg TANGERINE Sativa Cannabis GummyGreen State of Mind, Inc.SativaTHC: 102.15mgAdd To Cart$540% Off40% Off$10.80$18Wyld 100mg SOUR TANGERINE Hybrid Gummies 10pkWyldHybridTHC: 102mgAdd To Cart$10.80$18$5TVF! 100mg COLA Hybrid Medallion Single JellyTreasure Valley's Finest! (Gummy)HybridTHC: 99.8mgAdd To Cart$530% Off30% Off$4.20$6Mule 100mg Full Spectrum GALACTIC GREEN GRAPE Hybrid KickerMule ExtractsHybridTHC: 102.9mgCBD: 0.4mgAdd To Cart$4.20$640% Off40% Off$12.60$21Wyld 100mg 1:1 THC:CBC BLOOD ORANGE Sativa Gummies 10pkWyldSativaTHC: 102.8mgAdd To Cart$12.60$2130% Off30% Off$11.20$16Blueberry 20-Piece [Gentle Relaxation] (1 : 2.5 : 10)DropsIndicaTHC: 19.8mgCBD: 205mgAdd To Cart$11.20$1640% Off40% Off$12.60$21Wyld 100mg 2:1 THC:CBN ELDERBERRY Indica Gummies 10pkWyldIndicaTHC: 102.4mgAdd To Cart$12.60$2120% Off20% Off$19.20$2410:1 Tart Cherry - CBN/THC - NightlyGrönIndicaTHC: 25.65mgAdd To Cart$19.20$2430% Off30% Off$5.60$8Orange 2-Piece [Creative] | 100mgDropsHybridTHC: 95.4mgAdd To Cart$5.60$8$5TVF! 100mg CHERRY Indica Medallion Single JellyTreasure Valley's Finest! (Gummy)IndicaTHC: 99.48mgAdd To Cart$530% Off30% Off$7.70$11Mule 100mg 1:1:1:1 THC:CBD:CBN:CBG STRAWBERRY LEMONADE ""THE QUAD"" Hybrid KickerMule ExtractsHybridTHC: 92.6mgCBD: 90.5mgAdd To Cart$7.70$111234...7NextShopping CartYour cart's emptywas just added to your cart.Continue to CartLoading...Continue to CartEdibles in Ontario ORTreasure Valley Cannabis Company provides an exceptional collection of edibles in Ontario OR. From potent THC gummies from top brands to other edibles like baked goods and THC drinks, find all the best selections at Treasure Valley.The Best Selection of Cannabis Edibles in Ontario ORThe menu at Treasure Valley provides a diverse collection of edible Gummies and other THC consumables for those who prefer the edible experience. TVCC partners with the most trusted brands in Oregon to build a collection of edibles any cannabis customer can appreciate. The menu boasts some of the most respected names in the edibles space, such as Wyld, Green State of Mind Inc, Mule Extracts, Verdant leaf, and more.From processors that focus on small-batch edibles made from obscure strains to bigger companies known for potency and quality, Treasure Valley pulls together all the top names. Through a selective process, TVCC ensures every cannabis edible on their menu is worthy of attention and reliable for customers.A Wide Spectrum of Edibles to Suit Every Cannabis CustomerTreasure Valley Cannabis Company boasts a diverse collection of cannabis edibles in Ontario OR, to cater to every preference. The selection includes everything from potent THC gummies and candies to delectable baked goods, chocolate, and fast-acting THC drinks like seltzers and weed sodas.Whether customers are looking for classic treats like cookies and brownies or innovative options like cannabis-infused beverages and savory snacks, Treasure Valley has a bit of everything. You’ll find gummies formulated for specific experiences, infused with full-spectrum extracts and minor cannabinoids, as well as edibles all about delivering the high dose of THC you’re looking to experience.Shop for Cannabis Edibles and THC Gummies Near IdahoWhether you’re searching for edibles near Idaho or simply in Ontario, OR, Treasure Valley makes finding all the top picks a simple feat. The dispensary is just a short drive from Idaho and the team is always ready with a smile and a good suggestion. Check out the collection, or stop in at TVCC to get recommendations for edibles bound to leave you with a smile.ProductsFlowerEdiblesPre-RollsVapesConcentratesTincturesTopicalsQuick LinksShopVirtual BudtenderSpecialsAboutEducationContactVisit UsCareersContact560 SE 12th AveOntario OR, 97914(458) 224-8400Mon-Sun: 7:00am – 10:00pminfo@treasurevalleycannabis.comWant to hear more from us?  Sign up for our newsletter.Email© 2026 
				Treasure Valley Cannabis Company. 
				All Rights Reserved.facebookinstagramtwitterTerms & ConditionsSite bySearch All ProductsSearchSwitch your Store to1:1 Peach Prosecco Pearls – CBD/THC – Hybrid?Each location has its own separate shopping cart.If you switch locations, your current cart items will not transfer over.CancelSelect weight$NaN / ea11Add To CartfacebookinstagramtwitterAre you 21 years of age or a registered medical cardholder?Yes I amNo, Not yetYou are not old enough to view this WebsiteNotificationsLet me help you findwhat you're looking for!,HomeMenuEdibles,Edibles",,"Skip to main contentTreasure Valley Cannabis CompanyMenuMenuShopVirtual BudtenderLoyaltySpecialsAboutEducationVisit UsOrder AheadShopFlowerEdiblesPre-RollsVapesConcentratesTincturesTopicalsAboutAbout UsOur FarmOur ProductsVisit UsEventsLocationContactShopFlowerEdiblesPre-RollsVapesConcentratesTincturesTopicalsVirtual BudtenderLoyaltySpecialsAboutAbout UsOur FarmOur ProductsEducationVisit UsEventsLocationContactOrder AheadFlowerEdiblesPre-RollsVapesConcentratesTincturesTopicalsHomeMenuEdiblesEdiblesShop AllFlowerEdiblesPre-RollsVapesConcentrateTincturesCBDClonesTopicalsSeedsApparelAccessoriesFilterSort ResultsSort By: Best SellingDefaultBest SellingLow to High PriceHigh to Low PriceLow to High PotencyHigh to Low PotencyName: A-ZName: Z-AFiltersSort bySort ResultsSort By: Best SellingDefaultBest SellingLow to High PriceHigh to Low PriceLow to High PotencyHigh to Low PotencyName: A-ZName: Z-ABrandsChompd EdiblesCrown B AlchemyDr. Jolly'sDropsFFE PDXGreen State of MindGreen State of Mind, Inc.GrönHappy CabbageHapy KitchenHyphae WellnessJoy Bombs by JoyiblesJUNK by Leif GoodsKeefLaurie & Mary JaneLeft Hand LabsLeif GoodsMagic NumberMajorMary JonesMellow VibesMr. Moxey's MintsMule ExtractsSmokiez EdiblesSynergy Skin WorxTreasure Valley's Finest! (Gummy)Verdant LeafWillamette Valley AlchemyWyldView AllStrain TypesIndicaHybridSativaTHCIndica HybridTHCTHC:0mg - 1000mg01000CBDCBD:0mg - 1000mg01000Clear AllSearchSort ResultsSort By: Best SellingDefaultBest SellingLow to High PriceHigh to Low PriceLow to High PotencyHigh to Low PotencyName: A-ZName: Z-AClearShow Results40% Off40% Off$3.60$6Wyld One 100mg STRAWBERRY LEMONADE Sativa Single GummyWyldSativaTHC: 104mgAdd To Cart$3.60$620% Off20% Off$7.99$10Watermelon Pearls - THC - IndicaGrönIndicaTHC: 105mgAdd To Cart$7.99$1040% Off40% Off$10.80$18Wyld 100mg RASPBERRY Sativa Gummies 10pkWyldSativaTHC: 99.2mgAdd To Cart$10.80$1820% Off20% Off$16.01$204:1 Pomegranate Pearls - CBD/THC - HybridGrönHybridTHC: 97.91mgCBD: 391.76mgAdd To Cart$16.01$20$5Sour Botz 100mg FRUIT PUNCH Hybrid Cannabis GummyGreen State of Mind, Inc.HybridTHC: 102.15mgAdd To Cart$5$3.50Major 100mg FRUIT PUNCH Cannabis Infused Fruit DrinkMajorHybridTHC: 105.6mgAdd To Cart$3.5040% Off40% Off$10.80$18Wyld 100mg SOUR APPLE Sativa Gummies 10pkWyldSativaTHC: 103.6mgAdd To Cart$10.80$1840% Off40% Off$10.80$18Wyld 100mg MARIONBERRY Indica Gummies 10pkWyldIndicaTHC: 103.2mgAdd To Cart$10.80$18$36Dr. Jolly's 2g 1:1 CBD:THC HOUSE BLEND Full Spectrum Cannabis Extract (FECO)Dr. Jolly'sHybridTHC: 42.78%CBD: 43.3%Add To Cart$36$5TVF! 100mg BANANA COLADA Hybrid Medallion Single JellyTreasure Valley's Finest! (Gummy)HybridTHC: 94.5mgAdd To Cart$5$3.50Major 100mg BLUEBERRY Cannabis Infused Fruit DrinkMajorHybridTHC: 105.6mgAdd To Cart$3.50$5TVF! 100mg MARIONBERRY Indica Medallion Single JellyTreasure Valley's Finest! (Gummy)IndicaTHC: 91mgCBD: 0.2mgAdd To Cart$540% Off40% Off$12$20Good Tide 100mg PINEAPPLE Sativa Solventless Hash Rosin Cannabis-Infused Gummies 10pkWyldSativaTHC: 106mgAdd To Cart$12$20$5Sour Botz 100mg TANGERINE Sativa Cannabis GummyGreen State of Mind, Inc.SativaTHC: 102.15mgAdd To Cart$540% Off40% Off$10.80$18Wyld 100mg SOUR TANGERINE Hybrid Gummies 10pkWyldHybridTHC: 102mgAdd To Cart$10.80$18$5TVF! 100mg COLA Hybrid Medallion Single JellyTreasure Valley's Finest! (Gummy)HybridTHC: 99.8mgAdd To Cart$530% Off30% Off$4.20$6Mule 100mg Full Spectrum GALACTIC GREEN GRAPE Hybrid KickerMule ExtractsHybridTHC: 102.9mgCBD: 0.4mgAdd To Cart$4.20$640% Off40% Off$12.60$21Wyld 100mg 1:1 THC:CBC BLOOD ORANGE Sativa Gummies 10pkWyldSativaTHC: 102.8mgAdd To Cart$12.60$2130% Off30% Off$11.20$16Blueberry 20-Piece [Gentle Relaxation] (1 : 2.5 : 10)DropsIndicaTHC: 19.8mgCBD: 205mgAdd To Cart$11.20$1640% Off40% Off$12.60$21Wyld 100mg 2:1 THC:CBN ELDERBERRY Indica Gummies 10pkWyldIndicaTHC: 102.4mgAdd To Cart$12.60$2120% Off20% Off$19.20$2410:1 Tart Cherry - CBN/THC - NightlyGrönIndicaTHC: 25.65mgAdd To Cart$19.20$2430% Off30% Off$5.60$8Orange 2-Piece [Creative] | 100mgDropsHybridTHC: 95.4mgAdd To Cart$5.60$8$5TVF! 100mg CHERRY Indica Medallion Single JellyTreasure Valley's Finest! (Gummy)IndicaTHC: 99.48mgAdd To Cart$530% Off30% Off$7.70$11Mule 100mg 1:1:1:1 THC:CBD:CBN:CBG STRAWBERRY LEMONADE ""THE QUAD"" Hybrid KickerMule ExtractsHybridTHC: 92.6mgCBD: 90.5mgAdd To Cart$7.70$111234...7NextShopping CartYour cart's emptywas just added to your cart.Continue to CartLoading...Continue to CartEdibles in Ontario ORTreasure Valley Cannabis Company provides an exceptional collection of edibles in Ontario OR. From potent THC gummies from top brands to other edibles like baked goods and THC drinks, find all the best selections at Treasure Valley.The Best Selection of Cannabis Edibles in Ontario ORThe menu at Treasure Valley provides a diverse collection of edible Gummies and other THC consumables for those who prefer the edible experience. TVCC partners with the most trusted brands in Oregon to build a collection of edibles any cannabis customer can appreciate. The menu boasts some of the most respected names in the edibles space, such as Wyld, Green State of Mind Inc, Mule Extracts, Verdant leaf, and more.From processors that focus on small-batch edibles made from obscure strains to bigger companies known for potency and quality, Treasure Valley pulls together all the top names. Through a selective process, TVCC ensures every cannabis edible on their menu is worthy of attention and reliable for customers.A Wide Spectrum of Edibles to Suit Every Cannabis CustomerTreasure Valley Cannabis Company boasts a diverse collection of cannabis edibles in Ontario OR, to cater to every preference. The selection includes everything from potent THC gummies and candies to delectable baked goods, chocolate, and fast-acting THC drinks like seltzers and weed sodas.Whether customers are looking for classic treats like cookies and brownies or innovative options like cannabis-infused beverages and savory snacks, Treasure Valley has a bit of everything. You’ll find gummies formulated for specific experiences, infused with full-spectrum extracts and minor cannabinoids, as well as edibles all about delivering the high dose of THC you’re looking to experience.Shop for Cannabis Edibles and THC Gummies Near IdahoWhether you’re searching for edibles near Idaho or simply in Ontario, OR, Treasure Valley makes finding all the top picks a simple feat. The dispensary is just a short drive from Idaho and the team is always ready with a smile and a good suggestion. Check out the collection, or stop in at TVCC to get recommendations for edibles bound to leave you with a smile.ProductsFlowerEdiblesPre-RollsVapesConcentratesTincturesTopicalsQuick LinksShopVirtual BudtenderSpecialsAboutEducationContactVisit UsCareersContact560 SE 12th AveOntario OR, 97914(458) 224-8400Mon-Sun: 7:00am – 10:00pminfo@treasurevalleycannabis.comWant to hear more from us?  Sign up for our newsletter.Email© 2026 
				Treasure Valley Cannabis Company. 
				All Rights Reserved.facebookinstagramtwitterTerms & ConditionsSite bySearch All ProductsSearchSwitch your Store to1:1 Peach Prosecco Pearls – CBD/THC – Hybrid?Each location has its own separate shopping cart.If you switch locations, your current cart items will not transfer over.CancelSelect weight$NaN / ea11Add To CartfacebookinstagramtwitterAre you 21 years of age or a registered medical cardholder?Yes I amNo, Not yetYou are not old enough to view this WebsiteNotificationsLet me help you findwhat you're looking for!,HomeMenuEdibles,Edibles,Shop All,Shop All,Flower,Flower,Edibles,Edibles,Pre-Rolls,Pre-Rolls,Vapes,Vapes,Concentrate,Concentrate,Tinctures,Tinctures,CBD,CBD,Clones,Clones,Topicals,Topicals,Seeds,Seeds,Apparel,Apparel,Accessories,Accessories,Edibles in Ontario ORTreasure Valley Cannabis Company provides an exceptional collection of edibles in Ontario OR. From potent THC gummies from top brands to other edibles like baked goods and THC drinks, find all the best selections at Treasure Valley.The Best Selection of Cannabis Edibles in Ontario ORThe menu at Treasure Valley provides a diverse collection of edible Gummies and other THC consumables for those who prefer the edible experience. TVCC partners with the most trusted brands in Oregon to build a collection of edibles any cannabis customer can appreciate. The menu boasts some of the most respected names in the edibles space, such as Wyld, Green State of Mind Inc, Mule Extracts, Verdant leaf, and more.From processors that focus on small-batch edibles made from obscure strains to bigger companies known for potency and quality, Treasure Valley pulls together all the top names. Through a selective process, TVCC ensures every cannabis edible on their menu is worthy of attention and reliable for customers.A Wide Spectrum of Edibles to Suit Every Cannabis CustomerTreasure Valley Cannabis Company boasts a diverse collection of cannabis edibles in Ontario OR, to cater to every preference. The selection includes everything from potent THC gummies and candies to delectable baked goods, chocolate, and fast-acting THC drinks like seltzers and weed sodas.Whether customers are looking for classic treats like cookies and brownies or innovative options like cannabis-infused beverages and savory snacks, Treasure Valley has a bit of everything. You’ll find gummies formulated for specific experiences, infused with full-spectrum extracts and minor cannabinoids, as well as edibles all about delivering the high dose of THC you’re looking to experience.Shop for Cannabis Edibles and THC Gummies Near IdahoWhether you’re searching for edibles near Idaho or simply in Ontario, OR, Treasure Valley makes finding all the top picks a simple feat. The dispensary is just a short drive from Idaho and the team is always ready with a smile and a good suggestion. Check out the collection, or stop in at TVCC to get recommendations for edibles bound to leave you with a smile.",
https://www.treasurevalleycannabis.com/shop/topicals,Menu,$23,,"Skip to main contentTreasure Valley Cannabis CompanyMenuMenuShopVirtual BudtenderLoyaltySpecialsAboutEducationVisit UsOrder AheadShopFlowerEdiblesPre-RollsVapesConcentratesTincturesTopicalsAboutAbout UsOur FarmOur ProductsVisit UsEventsLocationContactShopFlowerEdiblesPre-RollsVapesConcentratesTincturesTopicalsVirtual BudtenderLoyaltySpecialsAboutAbout UsOur FarmOur ProductsEducationVisit UsEventsLocationContactOrder AheadFlowerEdiblesPre-RollsVapesConcentratesTincturesTopicalsHomeMenuTopicalsTopicalsShop AllFlowerEdiblesPre-RollsVapesConcentrateTincturesCBDClonesTopicalsSeedsApparelAccessoriesFilterSort ResultsSort By: Best SellingDefaultBest SellingLow to High PriceHigh to Low PriceLow to High PotencyHigh to Low PotencyName: A-ZName: Z-AFiltersSort bySort ResultsSort By: Best SellingDefaultBest SellingLow to High PriceHigh to Low PriceLow to High PotencyHigh to Low PotencyName: A-ZName: Z-ABrandsBuddiesHigh Desert PureMedicine FarmSmokiez EdiblesStrain TypesTHCHybrid1:1SativaTHCTHC:0mg - 1000mg01000CBDCBD:0mg - 1000mg01000Clear AllSearchSort ResultsSort By: Best SellingDefaultBest SellingLow to High PriceHigh to Low PriceLow to High PotencyHigh to Low PotencyName: A-ZName: Z-AClearShow Results$23.3gMedicine Farm Botanicals 0.3 fl oz 1:1 THC:CBD RELIEF ROLLER - SPOT RELIEF Portable Cannabis Infused OilMedicine FarmTHCTHC: 150mgCBD: 150mgAdd To Cart$23.3g$64.5gHigh Desert Pure 0.16 oz VANILLA ALMOND BISCOTTI Lip BalmHigh Desert PureHybridTHC: 10.1mgCBD: 24mgAdd To Cart$64.5g$251/8ozHigh Desert Pure 3.5 fl oz SILKY SPEARMINT LotionHigh Desert PureTHCTHC: 216mgCBD: 238mgAdd To Cart$251/8oz$201/4ozMedicine Farm Botanicals 0.25oz 1:1 THC:CBD CASCADIA BLEND Daily Cooling Relief Cannabis BalmMedicine Farm1:1THC: 35mgCBD: 35mgAdd To Cart$201/4oz$35453gMedicine Farm Botanicals 16oz CITRUS SPRINGS - RESTORE & REFRESH Cannabis Infused Onsen Soaking SaltsMedicine Farm1:1THC: 300mgCBD: 300mgAdd To Cart$35453g$4.25gBuddies 0.25FL OZ FIRE & ICE Mylar Pack LotionBuddiesTHCTHC: 11.14mgAdd To Cart$4.25g$5256.7gMedicine Farm Botanicals 2oz Extra Strength DRAGON'S BLEND Daily Warming Relief Cannabis BalmMedicine FarmTHCTHC: 500mgAdd To Cart$5256.7g$40453gHigh Desert Pure 16 oz 1:1:1 CITRUS SNOW Soak & FizzHigh Desert PureSativaTHC: 207.5mgCBD: 221.1mgAdd To Cart$40453g$363gSmokiez 3fl oz COOLING CBD Relief GelSmokiez EdiblesHybridCBD: 682.84mgAdd To Cart$363gShopping CartYour cart's emptywas just added to your cart.Continue to CartLoading...Continue to CartProductsFlowerEdiblesPre-RollsVapesConcentratesTincturesTopicalsQuick LinksShopVirtual BudtenderSpecialsAboutEducationContactVisit UsCareersContact560 SE 12th AveOntario OR, 97914(458) 224-8400Mon-Sun: 7:00am – 10:00pminfo@treasurevalleycannabis.comWant to hear more from us?  Sign up for our newsletter.Email© 2026 
				Treasure Valley Cannabis Company. 
				All Rights Reserved.facebookinstagramtwitterTerms & ConditionsSite bySearch All ProductsSearchSwitch your Store toHigh Desert Pure 16 oz 1:1:1 CITRUS SNOW Soak & Fizz?Each location has its own separate shopping cart.If you switch locations, your current cart items will not transfer over.CancelSelect weight$NaN / ea11Add To CartfacebookinstagramtwitterAre you 21 years of age or a registered medical cardholder?Yes I amNo, Not yetYou are not old enough to view this WebsiteNotificationsLet me help you findwhat you're looking for!,HomeMenuTopicals,Topicals",,"Skip to main contentTreasure Valley Cannabis CompanyMenuMenuShopVirtual BudtenderLoyaltySpecialsAboutEducationVisit UsOrder AheadShopFlowerEdiblesPre-RollsVapesConcentratesTincturesTopicalsAboutAbout UsOur FarmOur ProductsVisit UsEventsLocationContactShopFlowerEdiblesPre-RollsVapesConcentratesTincturesTopicalsVirtual BudtenderLoyaltySpecialsAboutAbout UsOur FarmOur ProductsEducationVisit UsEventsLocationContactOrder AheadFlowerEdiblesPre-RollsVapesConcentratesTincturesTopicalsHomeMenuTopicalsTopicalsShop AllFlowerEdiblesPre-RollsVapesConcentrateTincturesCBDClonesTopicalsSeedsApparelAccessoriesFilterSort ResultsSort By: Best SellingDefaultBest SellingLow to High PriceHigh to Low PriceLow to High PotencyHigh to Low PotencyName: A-ZName: Z-AFiltersSort bySort ResultsSort By: Best SellingDefaultBest SellingLow to High PriceHigh to Low PriceLow to High PotencyHigh to Low PotencyName: A-ZName: Z-ABrandsBuddiesHigh Desert PureMedicine FarmSmokiez EdiblesStrain TypesTHCHybrid1:1SativaTHCTHC:0mg - 1000mg01000CBDCBD:0mg - 1000mg01000Clear AllSearchSort ResultsSort By: Best SellingDefaultBest SellingLow to High PriceHigh to Low PriceLow to High PotencyHigh to Low PotencyName: A-ZName: Z-AClearShow Results$23.3gMedicine Farm Botanicals 0.3 fl oz 1:1 THC:CBD RELIEF ROLLER - SPOT RELIEF Portable Cannabis Infused OilMedicine FarmTHCTHC: 150mgCBD: 150mgAdd To Cart$23.3g$64.5gHigh Desert Pure 0.16 oz VANILLA ALMOND BISCOTTI Lip BalmHigh Desert PureHybridTHC: 10.1mgCBD: 24mgAdd To Cart$64.5g$251/8ozHigh Desert Pure 3.5 fl oz SILKY SPEARMINT LotionHigh Desert PureTHCTHC: 216mgCBD: 238mgAdd To Cart$251/8oz$201/4ozMedicine Farm Botanicals 0.25oz 1:1 THC:CBD CASCADIA BLEND Daily Cooling Relief Cannabis BalmMedicine Farm1:1THC: 35mgCBD: 35mgAdd To Cart$201/4oz$35453gMedicine Farm Botanicals 16oz CITRUS SPRINGS - RESTORE & REFRESH Cannabis Infused Onsen Soaking SaltsMedicine Farm1:1THC: 300mgCBD: 300mgAdd To Cart$35453g$4.25gBuddies 0.25FL OZ FIRE & ICE Mylar Pack LotionBuddiesTHCTHC: 11.14mgAdd To Cart$4.25g$5256.7gMedicine Farm Botanicals 2oz Extra Strength DRAGON'S BLEND Daily Warming Relief Cannabis BalmMedicine FarmTHCTHC: 500mgAdd To Cart$5256.7g$40453gHigh Desert Pure 16 oz 1:1:1 CITRUS SNOW Soak & FizzHigh Desert PureSativaTHC: 207.5mgCBD: 221.1mgAdd To Cart$40453g$363gSmokiez 3fl oz COOLING CBD Relief GelSmokiez EdiblesHybridCBD: 682.84mgAdd To Cart$363gShopping CartYour cart's emptywas just added to your cart.Continue to CartLoading...Continue to CartProductsFlowerEdiblesPre-RollsVapesConcentratesTincturesTopicalsQuick LinksShopVirtual BudtenderSpecialsAboutEducationContactVisit UsCareersContact560 SE 12th AveOntario OR, 97914(458) 224-8400Mon-Sun: 7:00am – 10:00pminfo@treasurevalleycannabis.comWant to hear more from us?  Sign up for our newsletter.Email© 2026 
				Treasure Valley Cannabis Company. 
				All Rights Reserved.facebookinstagramtwitterTerms & ConditionsSite bySearch All ProductsSearchSwitch your Store toHigh Desert Pure 16 oz 1:1:1 CITRUS SNOW Soak & Fizz?Each location has its own separate shopping cart.If you switch locations, your current cart items will not transfer over.CancelSelect weight$NaN / ea11Add To CartfacebookinstagramtwitterAre you 21 years of age or a registered medical cardholder?Yes I amNo, Not yetYou are not old enough to view this WebsiteNotificationsLet me help you findwhat you're looking for!,HomeMenuTopicals,Topicals,Shop All,Shop All,Flower,Flower,Edibles,Edibles,Pre-Rolls,Pre-Rolls,Vapes,Vapes,Concentrate,Concentrate,Tinctures,Tinctures,CBD,CBD,Clones,Clones,Topicals,Topicals,Seeds,Seeds,Apparel,Apparel,Accessories,Accessories",
https://www.treasurevalleycannabis.com/shop/pre-rolls/,Menu,$60,,"Skip to main contentTreasure Valley Cannabis CompanyMenuMenuShopVirtual BudtenderLoyaltySpecialsAboutEducationVisit UsOrder AheadShopFlowerEdiblesPre-RollsVapesConcentratesTincturesTopicalsAboutAbout UsOur FarmOur ProductsVisit UsEventsLocationContactShopFlowerEdiblesPre-RollsVapesConcentratesTincturesTopicalsVirtual BudtenderLoyaltySpecialsAboutAbout UsOur FarmOur ProductsEducationVisit UsEventsLocationContactOrder AheadFlowerEdiblesPre-RollsVapesConcentratesTincturesTopicalsHomeMenuPre-rollsPre-rollsShop AllFlowerEdiblesPre-RollsVapesConcentrateTincturesCBDClonesTopicalsSeedsApparelAccessoriesFilterSort ResultsSort By: Best SellingDefaultBest SellingLow to High PriceHigh to Low PriceLow to High PotencyHigh to Low PotencyName: A-ZName: Z-AFiltersSort bySort ResultsSort By: Best SellingDefaultBest SellingLow to High PriceHigh to Low PriceLow to High PotencyHigh to Low PotencyName: A-ZName: Z-ABrandsAltered AlchemyBenson ArborBluntzCascade Valley CannabisConcrete Jungle ExtractsCulture FarmsDecibel FarmsDerby's FarmDogHouse FarmsEarl BakerEntourage CannabisEugreen FarmsGrown RogueHigher CulturesIconicKilla BeezKnownot FarmsLTRMNMeraki GardensOregrownPDX OrganixPhlame CannabisPiff StixsPortland HeightsSessions Cannabis ExtractSugarTop BudderyTreasure Valley Cannabis Company (Pre-Roll)VibesView AllStrain TypesIndicaHybridSativaTHCTHC:0% - 50%050CBDCBD:0% - 50%050Clear AllSearchSort ResultsSort By: Best SellingDefaultBest SellingLow to High PriceHigh to Low PriceLow to High PotencyHigh to Low PotencyName: A-ZName: Z-AClearShow Results$601ozPhlame Cannabis 1g Tallboy STUFFED CANDY GELATO 28pkPhlame CannabisIndicaTHC: 24.4%CBD: 0.04%Add To Cart$601oz$123gKilla Beez .5g LSP Killa Pre Roll 6pkKilla BeezSativaTHC: 24.89%Add To Cart$123g$123gKilla Beez .5g JELLY DONUTZ Killa Pre Roll 6pkKilla BeezIndicaTHC: 24.92%Add To Cart$123g$125gTreasure Valley Cannabis Company .5g GASTRO POP Pre Roll 10pkTreasure Valley Cannabis Company (Pre-Roll)IndicaTHC: 26.58%CBD: 0.06%Add To Cart$125g$183.6gBenson Arbor .6g CHEW TOY #14 Pre Roll 6pkBenson ArborHybridTHC: 31.31%Add To Cart$183.6g$205gGood Smoke 0.5 NARNIA/ACAI GELATO Pre Roll 10pkSugarTop BudderySativaTHC: 22.94%CBD: 0.09%Add To Cart$205g30% Off30% Off$18.90$271/4ozPiff Stixs .6g SNOW MONSTER/GRAPEFRUIT CHEESE/WET DREAMS Pre Roll 12pkPiff StixsHybridTHC: 29.85%CBD: 0.06%Add To Cart$18.90$271/4oz$2510gYeti 1g DANTE'S INFERNO/PERMANENT MARKER Pre Roll 10pkGrown RogueIndicaTHC: 25.46%Add To Cart$2510g$256gSticks .5g SUPER LEMON DREAM/ACAPULCO GOLD DIESEL/BLUE PINEAPPLE Pre Roll 12pkLTRMNSativaTHC: 25.99%Add To Cart$256g$256gKilla Beez .5g GOLDEN PINEAPPLES/BALLERZ/MENDO BREEZE Killa Pre Roll 12pkKilla BeezHybridTHC: 25.85%Add To Cart$256g$232.35gPortland Heights 2.35g CITRUS POISON Sweets Infused BluntPortland HeightsSativaTHC: 618.61mgCBD: 0.18%Add To Cart$232.35g40% Off40% Off$12$205gVibes .5g AIRHEADS/SOUR BIG LEAGUE CHEW Pre Roll 10pkVibesIndicaTHC: 30.07%CBD: 0.09%Add To Cart$12$205g$151.2gDecibel 1.2g APRICOT SMACKS #5 Louds Infused Pre-RollDecibel FarmsSativaTHC: 26.42%Add To Cart$151.2g$151.44gConcrete Jungle Extracts 1.44g PINA COLADA x PASSION FRUIT x MANGO HAZE Blockbuster Infused Pre-RollConcrete Jungle ExtractsSativaTHC: 26.56%Add To Cart$151.44g$453.09gPortland Heights 1.03g SUPER CANDY Moonrock Slims Infused Cannabis Pre-Roll 3pkPortland HeightsSativaTHC: 38.76%Add To Cart$453.09g$151.44gConcrete Jungle Extracts 1.44g BLACK CHERRY x CARIBBEAN BREEZE x FROSTED GRAPE Blockbuster Infused Pre-RollConcrete Jungle ExtractsHybridTHC: 28.02%Add To Cart$151.44g$141.5gBenson Arbor 1.5g ALPINE OG #6/ANIRADO Diamonds Infused Pre-Roll 2pkBenson ArborIndicaTHC: 32.77%CBD: 0.17%Add To Cart$141.5g$205gDerby's Farm .5g GUAVA JELLY Pre Roll 10pkDerby's FarmHybridTHC: 29.86%Add To Cart$205g$41gGrown Rogue 1g CARAMEL CAKE Pre RollGrown RogueIndicaTHC: 34.46%CBD: 0.1%Add To Cart$41g$202.3gIconic 2.30g FRUIT PUNCH OG Infused BluntIconicSativaTHC: 1945.11mgCBD: 0.27%Add To Cart$202.3g$323.09gPortland Heights 1.03g MAUI PUNCH Moonrock Slims Infused Cannabis Pre-Roll 3pkPortland HeightsSativaTHC: 38.02%CBD: 0.16%Add To Cart$323.09g20% Off20% Off$7.20$9.75gEntourage Cannabis 0.75g THIN MINTS x GOLDEN CRUMB Infused Pre-RollEntourage CannabisHybridTHC: 25.26%CBD: 0.08%Add To Cart$7.20$9.75g$125gGrown Rogue .5g BERTS/MIMOSA Pre Roll 10pkGrown RogueHybridTHC: 30.27%CBD: 0.13%Add To Cart$125g$2510gYeti 1g CHERRY PALOMA/SCENTED MARKER Pre Roll 10pkGrown RogueSativaTHC: 32.64%Add To Cart$2510g1234NextShopping CartYour cart's emptywas just added to your cart.Continue to CartLoading...Continue to CartPre-rolls in Ontario ORFor the finest selection of pre-rolls in Ontario OR, Treasure Valley Cannabis Company is the menu built to please. With a diverse collection of pre-rolls from the best brands and in hard-to-score strains, Treasure Valley makes finding a pre-roll to suit your preferences as easy as possible.The Best Pre-Rolls in Ontario ORTreasure Valley is the go-to cannabis store for top-shelf pre-rolls in Ontario OR. Teamed up with some of the best cultivators in the state, TVCC has built one of the most diverse and satisfying collections of Sativa, Indica, and hybrid pre-rolls in strains anyone can appreciate. On the menu, you’ll find pre-rolled blunts from the most recognized cannabis cultivators in the state.By working with both craft and large-scale growers, Treasure Valley brings an eclectic mix of cannabis pre-rolls to the table. You’ll see names on the menu like Killa Beez, Grown Rogue, Piff Stixs, Tokyo Starfish, Entourage Cannabis, and more. Every pre-roll on the menu is carefully vetted for quality and to ensure the best possible user experience.A Wide Spectrum of Strains and Highly Potent Pre-Roll PicksFinding just what you’re after at Treasure Valley is simple. Treasure Valley strives to match every customer with the pre-rolls best suited to their preferences, whether you are looking for a classic strain or something infused, potent, and contemporary. You will find picks on the menu like Tropical Cherry Gas and College Park with modest THC ranges, but you’ll also see pre-rolls with exceptional potency, like Headband, Dubble OG Sour, and Dirty Bird.Looking for infused pre-roll picks? Check out pre-rolls at Treasure Valley infused with everything from moon rocks and live resin and even coated in kief and high-THC sugar crystals. The menu has something for every taste and preference.Shop for the Best Pre-rolls Near Idaho at Treasure Valley Cannabis CompanyIf you’re after pre-rolls near Idaho or simply shopping for cannabis in Ontario, Oregon, be sure to check out the collection at Treasure Valley Cannabis Company. Rumored to be a dispensary suitable for aficionados and beginners alike, Treasure Valley makes finding the best pre-rolls in the state easy. Stop in for a welcoming atmosphere and one of the most impressive collections of ready-to-go pre-rolls in the state.ProductsFlowerEdiblesPre-RollsVapesConcentratesTincturesTopicalsQuick LinksShopVirtual BudtenderSpecialsAboutEducationContactVisit UsCareersContact560 SE 12th AveOntario OR, 97914(458) 224-8400Mon-Sun: 7:00am – 10:00pminfo@treasurevalleycannabis.comWant to hear more from us?  Sign up for our newsletter.Email© 2026 
				Treasure Valley Cannabis Company. 
				All Rights Reserved.facebookinstagramtwitterTerms & ConditionsSite bySearch All ProductsSearchSwitch your Store toOregrown 1g SWAMP WATER FUMEZ x OLD CAR SMELL Live Rosin Badder Infused Pre Roll?Each location has its own separate shopping cart.If you switch locations, your current cart items will not transfer over.CancelSelect weight$NaN / ea11Add To CartfacebookinstagramtwitterAre you 21 years of age or a registered medical cardholder?Yes I amNo, Not yetYou are not old enough to view this WebsiteNotificationsLet me help you findwhat you're looking for!,HomeMenuPre-rolls,Pre-rolls",,"Skip to main contentTreasure Valley Cannabis CompanyMenuMenuShopVirtual BudtenderLoyaltySpecialsAboutEducationVisit UsOrder AheadShopFlowerEdiblesPre-RollsVapesConcentratesTincturesTopicalsAboutAbout UsOur FarmOur ProductsVisit UsEventsLocationContactShopFlowerEdiblesPre-RollsVapesConcentratesTincturesTopicalsVirtual BudtenderLoyaltySpecialsAboutAbout UsOur FarmOur ProductsEducationVisit UsEventsLocationContactOrder AheadFlowerEdiblesPre-RollsVapesConcentratesTincturesTopicalsHomeMenuPre-rollsPre-rollsShop AllFlowerEdiblesPre-RollsVapesConcentrateTincturesCBDClonesTopicalsSeedsApparelAccessoriesFilterSort ResultsSort By: Best SellingDefaultBest SellingLow to High PriceHigh to Low PriceLow to High PotencyHigh to Low PotencyName: A-ZName: Z-AFiltersSort bySort ResultsSort By: Best SellingDefaultBest SellingLow to High PriceHigh to Low PriceLow to High PotencyHigh to Low PotencyName: A-ZName: Z-ABrandsAltered AlchemyBenson ArborBluntzCascade Valley CannabisConcrete Jungle ExtractsCulture FarmsDecibel FarmsDerby's FarmDogHouse FarmsEarl BakerEntourage CannabisEugreen FarmsGrown RogueHigher CulturesIconicKilla BeezKnownot FarmsLTRMNMeraki GardensOregrownPDX OrganixPhlame CannabisPiff StixsPortland HeightsSessions Cannabis ExtractSugarTop BudderyTreasure Valley Cannabis Company (Pre-Roll)VibesView AllStrain TypesIndicaHybridSativaTHCTHC:0% - 50%050CBDCBD:0% - 50%050Clear AllSearchSort ResultsSort By: Best SellingDefaultBest SellingLow to High PriceHigh to Low PriceLow to High PotencyHigh to Low PotencyName: A-ZName: Z-AClearShow Results$601ozPhlame Cannabis 1g Tallboy STUFFED CANDY GELATO 28pkPhlame CannabisIndicaTHC: 24.4%CBD: 0.04%Add To Cart$601oz$123gKilla Beez .5g LSP Killa Pre Roll 6pkKilla BeezSativaTHC: 24.89%Add To Cart$123g$123gKilla Beez .5g JELLY DONUTZ Killa Pre Roll 6pkKilla BeezIndicaTHC: 24.92%Add To Cart$123g$125gTreasure Valley Cannabis Company .5g GASTRO POP Pre Roll 10pkTreasure Valley Cannabis Company (Pre-Roll)IndicaTHC: 26.58%CBD: 0.06%Add To Cart$125g$183.6gBenson Arbor .6g CHEW TOY #14 Pre Roll 6pkBenson ArborHybridTHC: 31.31%Add To Cart$183.6g$205gGood Smoke 0.5 NARNIA/ACAI GELATO Pre Roll 10pkSugarTop BudderySativaTHC: 22.94%CBD: 0.09%Add To Cart$205g30% Off30% Off$18.90$271/4ozPiff Stixs .6g SNOW MONSTER/GRAPEFRUIT CHEESE/WET DREAMS Pre Roll 12pkPiff StixsHybridTHC: 29.85%CBD: 0.06%Add To Cart$18.90$271/4oz$2510gYeti 1g DANTE'S INFERNO/PERMANENT MARKER Pre Roll 10pkGrown RogueIndicaTHC: 25.46%Add To Cart$2510g$256gSticks .5g SUPER LEMON DREAM/ACAPULCO GOLD DIESEL/BLUE PINEAPPLE Pre Roll 12pkLTRMNSativaTHC: 25.99%Add To Cart$256g$256gKilla Beez .5g GOLDEN PINEAPPLES/BALLERZ/MENDO BREEZE Killa Pre Roll 12pkKilla BeezHybridTHC: 25.85%Add To Cart$256g$232.35gPortland Heights 2.35g CITRUS POISON Sweets Infused BluntPortland HeightsSativaTHC: 618.61mgCBD: 0.18%Add To Cart$232.35g40% Off40% Off$12$205gVibes .5g AIRHEADS/SOUR BIG LEAGUE CHEW Pre Roll 10pkVibesIndicaTHC: 30.07%CBD: 0.09%Add To Cart$12$205g$151.2gDecibel 1.2g APRICOT SMACKS #5 Louds Infused Pre-RollDecibel FarmsSativaTHC: 26.42%Add To Cart$151.2g$151.44gConcrete Jungle Extracts 1.44g PINA COLADA x PASSION FRUIT x MANGO HAZE Blockbuster Infused Pre-RollConcrete Jungle ExtractsSativaTHC: 26.56%Add To Cart$151.44g$453.09gPortland Heights 1.03g SUPER CANDY Moonrock Slims Infused Cannabis Pre-Roll 3pkPortland HeightsSativaTHC: 38.76%Add To Cart$453.09g$151.44gConcrete Jungle Extracts 1.44g BLACK CHERRY x CARIBBEAN BREEZE x FROSTED GRAPE Blockbuster Infused Pre-RollConcrete Jungle ExtractsHybridTHC: 28.02%Add To Cart$151.44g$141.5gBenson Arbor 1.5g ALPINE OG #6/ANIRADO Diamonds Infused Pre-Roll 2pkBenson ArborIndicaTHC: 32.77%CBD: 0.17%Add To Cart$141.5g$205gDerby's Farm .5g GUAVA JELLY Pre Roll 10pkDerby's FarmHybridTHC: 29.86%Add To Cart$205g$41gGrown Rogue 1g CARAMEL CAKE Pre RollGrown RogueIndicaTHC: 34.46%CBD: 0.1%Add To Cart$41g$202.3gIconic 2.30g FRUIT PUNCH OG Infused BluntIconicSativaTHC: 1945.11mgCBD: 0.27%Add To Cart$202.3g$323.09gPortland Heights 1.03g MAUI PUNCH Moonrock Slims Infused Cannabis Pre-Roll 3pkPortland HeightsSativaTHC: 38.02%CBD: 0.16%Add To Cart$323.09g20% Off20% Off$7.20$9.75gEntourage Cannabis 0.75g THIN MINTS x GOLDEN CRUMB Infused Pre-RollEntourage CannabisHybridTHC: 25.26%CBD: 0.08%Add To Cart$7.20$9.75g$125gGrown Rogue .5g BERTS/MIMOSA Pre Roll 10pkGrown RogueHybridTHC: 30.27%CBD: 0.13%Add To Cart$125g$2510gYeti 1g CHERRY PALOMA/SCENTED MARKER Pre Roll 10pkGrown RogueSativaTHC: 32.64%Add To Cart$2510g1234NextShopping CartYour cart's emptywas just added to your cart.Continue to CartLoading...Continue to CartPre-rolls in Ontario ORFor the finest selection of pre-rolls in Ontario OR, Treasure Valley Cannabis Company is the menu built to please. With a diverse collection of pre-rolls from the best brands and in hard-to-score strains, Treasure Valley makes finding a pre-roll to suit your preferences as easy as possible.The Best Pre-Rolls in Ontario ORTreasure Valley is the go-to cannabis store for top-shelf pre-rolls in Ontario OR. Teamed up with some of the best cultivators in the state, TVCC has built one of the most diverse and satisfying collections of Sativa, Indica, and hybrid pre-rolls in strains anyone can appreciate. On the menu, you’ll find pre-rolled blunts from the most recognized cannabis cultivators in the state.By working with both craft and large-scale growers, Treasure Valley brings an eclectic mix of cannabis pre-rolls to the table. You’ll see names on the menu like Killa Beez, Grown Rogue, Piff Stixs, Tokyo Starfish, Entourage Cannabis, and more. Every pre-roll on the menu is carefully vetted for quality and to ensure the best possible user experience.A Wide Spectrum of Strains and Highly Potent Pre-Roll PicksFinding just what you’re after at Treasure Valley is simple. Treasure Valley strives to match every customer with the pre-rolls best suited to their preferences, whether you are looking for a classic strain or something infused, potent, and contemporary. You will find picks on the menu like Tropical Cherry Gas and College Park with modest THC ranges, but you’ll also see pre-rolls with exceptional potency, like Headband, Dubble OG Sour, and Dirty Bird.Looking for infused pre-roll picks? Check out pre-rolls at Treasure Valley infused with everything from moon rocks and live resin and even coated in kief and high-THC sugar crystals. The menu has something for every taste and preference.Shop for the Best Pre-rolls Near Idaho at Treasure Valley Cannabis CompanyIf you’re after pre-rolls near Idaho or simply shopping for cannabis in Ontario, Oregon, be sure to check out the collection at Treasure Valley Cannabis Company. Rumored to be a dispensary suitable for aficionados and beginners alike, Treasure Valley makes finding the best pre-rolls in the state easy. Stop in for a welcoming atmosphere and one of the most impressive collections of ready-to-go pre-rolls in the state.ProductsFlowerEdiblesPre-RollsVapesConcentratesTincturesTopicalsQuick LinksShopVirtual BudtenderSpecialsAboutEducationContactVisit UsCareersContact560 SE 12th AveOntario OR, 97914(458) 224-8400Mon-Sun: 7:00am – 10:00pminfo@treasurevalleycannabis.comWant to hear more from us?  Sign up for our newsletter.Email© 2026 
				Treasure Valley Cannabis Company. 
				All Rights Reserved.facebookinstagramtwitterTerms & ConditionsSite bySearch All ProductsSearchSwitch your Store toOregrown 1g SWAMP WATER FUMEZ x OLD CAR SMELL Live Rosin Badder Infused Pre Roll?Each location has its own separate shopping cart.If you switch locations, your current cart items will not transfer over.CancelSelect weight$NaN / ea11Add To CartfacebookinstagramtwitterAre you 21 years of age or a registered medical cardholder?Yes I amNo, Not yetYou are not old enough to view this WebsiteNotificationsLet me help you findwhat you're looking for!,HomeMenuPre-rolls,Pre-rolls,Shop All,Shop All,Flower,Flower,Edibles,Edibles,Pre-Rolls,Pre-Rolls,Vapes,Vapes,Concentrate,Concentrate,Tinctures,Tinctures,CBD,CBD,Clones,Clones,Topicals,Topicals,Seeds,Seeds,Apparel,Apparel,Accessories,Accessories,Pre-rolls in Ontario ORFor the finest selection of pre-rolls in Ontario OR, Treasure Valley Cannabis Company is the menu built to please. With a diverse collection of pre-rolls from the best brands and in hard-to-score strains, Treasure Valley makes finding a pre-roll to suit your preferences as easy as possible.The Best Pre-Rolls in Ontario ORTreasure Valley is the go-to cannabis store for top-shelf pre-rolls in Ontario OR. Teamed up with some of the best cultivators in the state, TVCC has built one of the most diverse and satisfying collections of Sativa, Indica, and hybrid pre-rolls in strains anyone can appreciate. On the menu, you’ll find pre-rolled blunts from the most recognized cannabis cultivators in the state.By working with both craft and large-scale growers, Treasure Valley brings an eclectic mix of cannabis pre-rolls to the table. You’ll see names on the menu like Killa Beez, Grown Rogue, Piff Stixs, Tokyo Starfish, Entourage Cannabis, and more. Every pre-roll on the menu is carefully vetted for quality and to ensure the best possible user experience.A Wide Spectrum of Strains and Highly Potent Pre-Roll PicksFinding just what you’re after at Treasure Valley is simple. Treasure Valley strives to match every customer with the pre-rolls best suited to their preferences, whether you are looking for a classic strain or something infused, potent, and contemporary. You will find picks on the menu like Tropical Cherry Gas and College Park with modest THC ranges, but you’ll also see pre-rolls with exceptional potency, like Headband, Dubble OG Sour, and Dirty Bird.Looking for infused pre-roll picks? Check out pre-rolls at Treasure Valley infused with everything from moon rocks and live resin and even coated in kief and high-THC sugar crystals. The menu has something for every taste and preference.Shop for the Best Pre-rolls Near Idaho at Treasure Valley Cannabis CompanyIf you’re after pre-rolls near Idaho or simply shopping for cannabis in Ontario, Oregon, be sure to check out the collection at Treasure Valley Cannabis Company. Rumored to be a dispensary suitable for aficionados and beginners alike, Treasure Valley makes finding the best pre-rolls in the state easy. Stop in for a welcoming atmosphere and one of the most impressive collections of ready-to-go pre-rolls in the state.",
https://www.treasurevalleycannabis.com/shop/topicals/,Menu,$23,,"Skip to main contentTreasure Valley Cannabis CompanyMenuMenuShopVirtual BudtenderLoyaltySpecialsAboutEducationVisit UsOrder AheadShopFlowerEdiblesPre-RollsVapesConcentratesTincturesTopicalsAboutAbout UsOur FarmOur ProductsVisit UsEventsLocationContactShopFlowerEdiblesPre-RollsVapesConcentratesTincturesTopicalsVirtual BudtenderLoyaltySpecialsAboutAbout UsOur FarmOur ProductsEducationVisit UsEventsLocationContactOrder AheadFlowerEdiblesPre-RollsVapesConcentratesTincturesTopicalsHomeMenuTopicalsTopicalsShop AllFlowerEdiblesPre-RollsVapesConcentrateTincturesCBDClonesTopicalsSeedsApparelAccessoriesFilterSort ResultsSort By: Best SellingDefaultBest SellingLow to High PriceHigh to Low PriceLow to High PotencyHigh to Low PotencyName: A-ZName: Z-AFiltersSort bySort ResultsSort By: Best SellingDefaultBest SellingLow to High PriceHigh to Low PriceLow to High PotencyHigh to Low PotencyName: A-ZName: Z-ABrandsBuddiesHigh Desert PureMedicine FarmSmokiez EdiblesStrain TypesTHCHybrid1:1SativaTHCTHC:0mg - 1000mg01000CBDCBD:0mg - 1000mg01000Clear AllSearchSort ResultsSort By: Best SellingDefaultBest SellingLow to High PriceHigh to Low PriceLow to High PotencyHigh to Low PotencyName: A-ZName: Z-AClearShow Results$23.3gMedicine Farm Botanicals 0.3 fl oz 1:1 THC:CBD RELIEF ROLLER - SPOT RELIEF Portable Cannabis Infused OilMedicine FarmTHCTHC: 150mgCBD: 150mgAdd To Cart$23.3g$64.5gHigh Desert Pure 0.16 oz VANILLA ALMOND BISCOTTI Lip BalmHigh Desert PureHybridTHC: 10.1mgCBD: 24mgAdd To Cart$64.5g$251/8ozHigh Desert Pure 3.5 fl oz SILKY SPEARMINT LotionHigh Desert PureTHCTHC: 216mgCBD: 238mgAdd To Cart$251/8oz$201/4ozMedicine Farm Botanicals 0.25oz 1:1 THC:CBD CASCADIA BLEND Daily Cooling Relief Cannabis BalmMedicine Farm1:1THC: 35mgCBD: 35mgAdd To Cart$201/4oz$35453gMedicine Farm Botanicals 16oz CITRUS SPRINGS - RESTORE & REFRESH Cannabis Infused Onsen Soaking SaltsMedicine Farm1:1THC: 300mgCBD: 300mgAdd To Cart$35453g$4.25gBuddies 0.25FL OZ FIRE & ICE Mylar Pack LotionBuddiesTHCTHC: 11.14mgAdd To Cart$4.25g$5256.7gMedicine Farm Botanicals 2oz Extra Strength DRAGON'S BLEND Daily Warming Relief Cannabis BalmMedicine FarmTHCTHC: 500mgAdd To Cart$5256.7g$40453gHigh Desert Pure 16 oz 1:1:1 CITRUS SNOW Soak & FizzHigh Desert PureSativaTHC: 207.5mgCBD: 221.1mgAdd To Cart$40453g$363gSmokiez 3fl oz COOLING CBD Relief GelSmokiez EdiblesHybridCBD: 682.84mgAdd To Cart$363gShopping CartYour cart's emptywas just added to your cart.Continue to CartLoading...Continue to CartProductsFlowerEdiblesPre-RollsVapesConcentratesTincturesTopicalsQuick LinksShopVirtual BudtenderSpecialsAboutEducationContactVisit UsCareersContact560 SE 12th AveOntario OR, 97914(458) 224-8400Mon-Sun: 7:00am – 10:00pminfo@treasurevalleycannabis.comWant to hear more from us?  Sign up for our newsletter.Email© 2026 
				Treasure Valley Cannabis Company. 
				All Rights Reserved.facebookinstagramtwitterTerms & ConditionsSite bySearch All ProductsSearchSwitch your Store toHigh Desert Pure 16 oz 1:1:1 CITRUS SNOW Soak & Fizz?Each location has its own separate shopping cart.If you switch locations, your current cart items will not transfer over.CancelSelect weight$NaN / ea11Add To CartfacebookinstagramtwitterAre you 21 years of age or a registered medical cardholder?Yes I amNo, Not yetYou are not old enough to view this WebsiteNotificationsLet me help you findwhat you're looking for!,HomeMenuTopicals,Topicals",,"Skip to main contentTreasure Valley Cannabis CompanyMenuMenuShopVirtual BudtenderLoyaltySpecialsAboutEducationVisit UsOrder AheadShopFlowerEdiblesPre-RollsVapesConcentratesTincturesTopicalsAboutAbout UsOur FarmOur ProductsVisit UsEventsLocationContactShopFlowerEdiblesPre-RollsVapesConcentratesTincturesTopicalsVirtual BudtenderLoyaltySpecialsAboutAbout UsOur FarmOur ProductsEducationVisit UsEventsLocationContactOrder AheadFlowerEdiblesPre-RollsVapesConcentratesTincturesTopicalsHomeMenuTopicalsTopicalsShop AllFlowerEdiblesPre-RollsVapesConcentrateTincturesCBDClonesTopicalsSeedsApparelAccessoriesFilterSort ResultsSort By: Best SellingDefaultBest SellingLow to High PriceHigh to Low PriceLow to High PotencyHigh to Low PotencyName: A-ZName: Z-AFiltersSort bySort ResultsSort By: Best SellingDefaultBest SellingLow to High PriceHigh to Low PriceLow to High PotencyHigh to Low PotencyName: A-ZName: Z-ABrandsBuddiesHigh Desert PureMedicine FarmSmokiez EdiblesStrain TypesTHCHybrid1:1SativaTHCTHC:0mg - 1000mg01000CBDCBD:0mg - 1000mg01000Clear AllSearchSort ResultsSort By: Best SellingDefaultBest SellingLow to High PriceHigh to Low PriceLow to High PotencyHigh to Low PotencyName: A-ZName: Z-AClearShow Results$23.3gMedicine Farm Botanicals 0.3 fl oz 1:1 THC:CBD RELIEF ROLLER - SPOT RELIEF Portable Cannabis Infused OilMedicine FarmTHCTHC: 150mgCBD: 150mgAdd To Cart$23.3g$64.5gHigh Desert Pure 0.16 oz VANILLA ALMOND BISCOTTI Lip BalmHigh Desert PureHybridTHC: 10.1mgCBD: 24mgAdd To Cart$64.5g$251/8ozHigh Desert Pure 3.5 fl oz SILKY SPEARMINT LotionHigh Desert PureTHCTHC: 216mgCBD: 238mgAdd To Cart$251/8oz$201/4ozMedicine Farm Botanicals 0.25oz 1:1 THC:CBD CASCADIA BLEND Daily Cooling Relief Cannabis BalmMedicine Farm1:1THC: 35mgCBD: 35mgAdd To Cart$201/4oz$35453gMedicine Farm Botanicals 16oz CITRUS SPRINGS - RESTORE & REFRESH Cannabis Infused Onsen Soaking SaltsMedicine Farm1:1THC: 300mgCBD: 300mgAdd To Cart$35453g$4.25gBuddies 0.25FL OZ FIRE & ICE Mylar Pack LotionBuddiesTHCTHC: 11.14mgAdd To Cart$4.25g$5256.7gMedicine Farm Botanicals 2oz Extra Strength DRAGON'S BLEND Daily Warming Relief Cannabis BalmMedicine FarmTHCTHC: 500mgAdd To Cart$5256.7g$40453gHigh Desert Pure 16 oz 1:1:1 CITRUS SNOW Soak & FizzHigh Desert PureSativaTHC: 207.5mgCBD: 221.1mgAdd To Cart$40453g$363gSmokiez 3fl oz COOLING CBD Relief GelSmokiez EdiblesHybridCBD: 682.84mgAdd To Cart$363gShopping CartYour cart's emptywas just added to your cart.Continue to CartLoading...Continue to CartProductsFlowerEdiblesPre-RollsVapesConcentratesTincturesTopicalsQuick LinksShopVirtual BudtenderSpecialsAboutEducationContactVisit UsCareersContact560 SE 12th AveOntario OR, 97914(458) 224-8400Mon-Sun: 7:00am – 10:00pminfo@treasurevalleycannabis.comWant to hear more from us?  Sign up for our newsletter.Email© 2026 
				Treasure Valley Cannabis Company. 
				All Rights Reserved.facebookinstagramtwitterTerms & ConditionsSite bySearch All ProductsSearchSwitch your Store toHigh Desert Pure 16 oz 1:1:1 CITRUS SNOW Soak & Fizz?Each location has its own separate shopping cart.If you switch locations, your current cart items will not transfer over.CancelSelect weight$NaN / ea11Add To CartfacebookinstagramtwitterAre you 21 years of age or a registered medical cardholder?Yes I amNo, Not yetYou are not old enough to view this WebsiteNotificationsLet me help you findwhat you're looking for!,HomeMenuTopicals,Topicals,Shop All,Shop All,Flower,Flower,Edibles,Edibles,Pre-Rolls,Pre-Rolls,Vapes,Vapes,Concentrate,Concentrate,Tinctures,Tinctures,CBD,CBD,Clones,Clones,Topicals,Topicals,Seeds,Seeds,Apparel,Apparel,Accessories,Accessories",
https://www.treasurevalleycannabis.com/virtual-budtender/,Menu,,,,,,
https://www.treasurevalleycannabis.com/recreational/,Menu,,,"Treasure Valley CannabisVisit UsHoursMon- Sun: 7:00am – 10:00pmContact560 SE 12th Avenue,Ontario Oregon 97914(458) 224-8400Order OnlineVisit Us,Shop By CategoryFlowerEdiblesPre-RollsVapesConcentratesTincturesApparelAcessoriesTopicals,Areas We Serve:OregonAdrian, ORHuntington, ORTreasure Valley Community College & EOUIdahoBoise, IDFruitland, IDNampa, IDPayette, IDWashoe, IDEagle, IDMeridian, IDHomedale, IDGarden City, IDMoss, IDKuna, IDStar, IDParma, IDNew Plymouth, IDWeiser, IDIdaho",,"Treasure Valley CannabisVisit UsHoursMon- Sun: 7:00am – 10:00pmContact560 SE 12th Avenue,Ontario Oregon 97914(458) 224-8400Order OnlineVisit Us,Shop By CategoryFlowerEdiblesPre-RollsVapesConcentratesTincturesApparelAcessoriesTopicals,Areas We Serve:OregonAdrian, ORHuntington, ORTreasure Valley Community College & EOUIdahoBoise, IDFruitland, IDNampa, IDPayette, IDWashoe, IDEagle, IDMeridian, IDHomedale, IDGarden City, IDMoss, IDKuna, IDStar, IDParma, IDNew Plymouth, IDWeiser, IDIdaho,Treasure Valley CannabisVisit UsHoursMon- Sun: 7:00am – 10:00pmContact560 SE 12th Avenue,Ontario Oregon 97914(458) 224-8400Order OnlineVisit Us",
https://www.treasurevalleycannabis.com/terms-conditions/,Menu,,,"Terms & ConditionsThe information contained on Treasure Valley’s website is for general information purposes only. Treasure Valley assumes no responsibility for errors or omissions in the contents on the Service.In no event shall Treasure Valley be liable for any special, direct, indirect, consequential, or incidental damages or any damages whatsoever, whether in an action of contract, negligence or other tort, arising out of or in connection with the use of the Service or the contents of the Service.Treasure Valley reserves the right to make additions, deletions, or modification to the contents on the Service at any time without prior notice.Treasure Valley does not warrant that the website is free of viruses or other harmful components.Treasure Valley shall not be held liable for the medical claims made by customer testimonials. The statements made regarding these products have not been evaluated by the Food and Drug Administration. The efficacy of these products and the testimonials made have not been confirmed by FDA- approved research. These products are not intended to diagnose, treat, cure or prevent any disease. All information presented here is not meant as a substitute for or alternative to information from health care practitioners. Please consult your healthcare professional about potential interactions or other possible complications before using any product. The Federal Food, Drug, and Cosmetic Act requires this notice.These statements have not been evaluated by the Food and Drug Administration. These products are not intended to diagnose, treat, cure or prevent any disease or ailment. Treasure Valley assumes no responsibility for the improper use of these products. We recommend consulting with a qualified medical doctor or physician when preparing a treatment plan for any and all diseases or ailments. Treasure Valley does not make any health claims about our products and recommend consulting with a qualified medical doctor or physician prior to consuming our products or preparing a treatment plan. It is especially important for those who are pregnant, nursing, chronically ill, elderly or under the age of 18 to discuss the use of these products with a physician prior to consuming. You must be 18 years or older to visit this website and/or purchase Treasure Valley products. The information on our website is intended to provide general information regarding our products and is not to be construed as medical advice or instruction.PrivacyTreasure Valley  operateshttps://www.treasurevalleycannabis.com/. This page informs you of our policies regarding the collection, use and disclosure of Personal Information we receive from users of the Site.We use your Personal Information only for providing and improving the Site. By using the Site, you agree to the collection and use of information in accordance with this policy.Information Collection And UseWhile using our Site, we may ask you to provide us with certain personally identifiable information that can be used to contact or identify you. Personally identifiable information may include, but is not limited to your name (“Personal Information”).Log DataLike many site operators, we collect information that your browser sends whenever you visit our Site (“Log Data”).This Log Data may include information such as your computer’s Internet Protocol (“IP”) address, browser type, browser version, the pages of our Site that you visit, the time and date of your visit, the time spent on those pages and other statistics.In addition, we may use third party services such as Google Analytics that collect, monitor and analyze this.We may use your Personal Information to contact you with newsletters, marketing or promotional materials and other information that could promote our business.CookiesCookies are files with small amount of data, which may include an anonymous unique identifier. Cookies are sent to your browser from a web site and stored on your computer’s hard drive.Like many sites, we use “cookies” to collect information. You can instruct your browser to refuse all cookies or to indicate when a cookie is being sent. However, if you do not accept cookies, you may not be able to use some portions of our Site.SecurityThe security of your Personal Information is important to us, but remember that no method of transmission over the Internet, or method of electronic storage, is 100% secure. While we strive to use commercially acceptable means to protect your Personal Information, we cannot guarantee its absolute security.Changes To This Privacy PolicyThis Privacy Policy will remain in effect except with respect to any changes in its provisions in the future, which will be in effect immediately after being posted on this page.We reserve the right to update or change our Privacy Policy at any time and you should check this Privacy Policy periodically. Your continued use of the Service after we post any modifications to the Privacy Policy on this page will constitute your acknowledgment of the modifications and your consent to abide and be bound by the modified Privacy Policy.If we make any material changes to this Privacy Policy, we will notify you either through the email address you have provided us, or by placing a prominent notice on our website.Contact UsIf you have any questions about this Privacy Policy, pleasecontact us.",,"Terms & ConditionsThe information contained on Treasure Valley’s website is for general information purposes only. Treasure Valley assumes no responsibility for errors or omissions in the contents on the Service.In no event shall Treasure Valley be liable for any special, direct, indirect, consequential, or incidental damages or any damages whatsoever, whether in an action of contract, negligence or other tort, arising out of or in connection with the use of the Service or the contents of the Service.Treasure Valley reserves the right to make additions, deletions, or modification to the contents on the Service at any time without prior notice.Treasure Valley does not warrant that the website is free of viruses or other harmful components.Treasure Valley shall not be held liable for the medical claims made by customer testimonials. The statements made regarding these products have not been evaluated by the Food and Drug Administration. The efficacy of these products and the testimonials made have not been confirmed by FDA- approved research. These products are not intended to diagnose, treat, cure or prevent any disease. All information presented here is not meant as a substitute for or alternative to information from health care practitioners. Please consult your healthcare professional about potential interactions or other possible complications before using any product. The Federal Food, Drug, and Cosmetic Act requires this notice.These statements have not been evaluated by the Food and Drug Administration. These products are not intended to diagnose, treat, cure or prevent any disease or ailment. Treasure Valley assumes no responsibility for the improper use of these products. We recommend consulting with a qualified medical doctor or physician when preparing a treatment plan for any and all diseases or ailments. Treasure Valley does not make any health claims about our products and recommend consulting with a qualified medical doctor or physician prior to consuming our products or preparing a treatment plan. It is especially important for those who are pregnant, nursing, chronically ill, elderly or under the age of 18 to discuss the use of these products with a physician prior to consuming. You must be 18 years or older to visit this website and/or purchase Treasure Valley products. The information on our website is intended to provide general information regarding our products and is not to be construed as medical advice or instruction.PrivacyTreasure Valley  operateshttps://www.treasurevalleycannabis.com/. This page informs you of our policies regarding the collection, use and disclosure of Personal Information we receive from users of the Site.We use your Personal Information only for providing and improving the Site. By using the Site, you agree to the collection and use of information in accordance with this policy.Information Collection And UseWhile using our Site, we may ask you to provide us with certain personally identifiable information that can be used to contact or identify you. Personally identifiable information may include, but is not limited to your name (“Personal Information”).Log DataLike many site operators, we collect information that your browser sends whenever you visit our Site (“Log Data”).This Log Data may include information such as your computer’s Internet Protocol (“IP”) address, browser type, browser version, the pages of our Site that you visit, the time and date of your visit, the time spent on those pages and other statistics.In addition, we may use third party services such as Google Analytics that collect, monitor and analyze this.We may use your Personal Information to contact you with newsletters, marketing or promotional materials and other information that could promote our business.CookiesCookies are files with small amount of data, which may include an anonymous unique identifier. Cookies are sent to your browser from a web site and stored on your computer’s hard drive.Like many sites, we use “cookies” to collect information. You can instruct your browser to refuse all cookies or to indicate when a cookie is being sent. However, if you do not accept cookies, you may not be able to use some portions of our Site.SecurityThe security of your Personal Information is important to us, but remember that no method of transmission over the Internet, or method of electronic storage, is 100% secure. While we strive to use commercially acceptable means to protect your Personal Information, we cannot guarantee its absolute security.Changes To This Privacy PolicyThis Privacy Policy will remain in effect except with respect to any changes in its provisions in the future, which will be in effect immediately after being posted on this page.We reserve the right to update or change our Privacy Policy at any time and you should check this Privacy Policy periodically. Your continued use of the Service after we post any modifications to the Privacy Policy on this page will constitute your acknowledgment of the modifications and your consent to abide and be bound by the modified Privacy Policy.If we make any material changes to this Privacy Policy, we will notify you either through the email address you have provided us, or by placing a prominent notice on our website.Contact UsIf you have any questions about this Privacy Policy, pleasecontact us.",
https://www.treasurevalleycannabis.com/shop/tinctures/,Menu,$21.60$36,,"Skip to main contentTreasure Valley Cannabis CompanyMenuMenuShopVirtual BudtenderLoyaltySpecialsAboutEducationVisit UsOrder AheadShopFlowerEdiblesPre-RollsVapesConcentratesTincturesTopicalsAboutAbout UsOur FarmOur ProductsVisit UsEventsLocationContactShopFlowerEdiblesPre-RollsVapesConcentratesTincturesTopicalsVirtual BudtenderLoyaltySpecialsAboutAbout UsOur FarmOur ProductsEducationVisit UsEventsLocationContactOrder AheadFlowerEdiblesPre-RollsVapesConcentratesTincturesTopicalsHomeMenuTincturesTincturesShop AllFlowerEdiblesPre-RollsVapesConcentrateTincturesCBDClonesTopicalsSeedsApparelAccessoriesFilterSort ResultsSort By: Best SellingDefaultBest SellingLow to High PriceHigh to Low PriceLow to High PotencyHigh to Low PotencyName: A-ZName: Z-AFiltersSort bySort ResultsSort By: Best SellingDefaultBest SellingLow to High PriceHigh to Low PriceLow to High PotencyHigh to Low PotencyName: A-ZName: Z-ABrandsBobsled ExtractsCrown B AlchemyFFE PDXHapy KitchenHigh Desert PureMagic NumberMedicine FarmSmokiez EdiblesVerdant LeafStrain TypesHybridIndica1:1SativaTHCIndica HybridHigh CBDTHCTHC:0mg - 1000mg01000CBDCBD:0mg - 1000mg01000Clear AllSearchSort ResultsSort By: Best SellingDefaultBest SellingLow to High PriceHigh to Low PriceLow to High PotencyHigh to Low PotencyName: A-ZName: Z-AClearShow Results40% Off40% Off$21.60$361gBobsled 1000mg BUTTER OG Live Resin TinctureBobsled ExtractsIndicaTHC: 987.6mgAdd To Cart$21.60$361g$451gFFE 1000mg BLOCKBERRY High THC Hybrid TinctureFFE PDXHybridTHC: 991.5mgAdd To Cart$451g$45.5gMedicine Farm Botanicals 0.5 fl oz THC:CBD:CBN:CBG UNIVERSAL ELIXIR - RESTORATIVE TONIC Cannabis & Hemp TinctureMedicine FarmTHCTHC: 476mgCBD: 516mgAdd To Cart$45.5g$422gCannabull 500mg PASSION ORANGE GUAVA Nano-Cannabinoid SyrupCrown B AlchemySativaTHC: 501mgCBD: 4.05mgAdd To Cart$422g$35.5gMedicine Farm 0.5 fl oz 500mg 1:1 THC:CBD PASSION BERRY - BALANCE & CALM Cannabis & Hemp TinctureMedicine FarmTHCTHC: 550mgCBD: 550mgAdd To Cart$35.5g40% Off40% Off$21.60$361gBobsled 1000mg MADCOW Live Resin TinctureBobsled ExtractsSativaTHC: 1020mgAdd To Cart$21.60$361g$302gVerdant Leaf 500mg TROPICAL PUNCH - DULCE DE PAPAYA Live SHO SyrupVerdant LeafIndica HybridTHC: 514mgAdd To Cart$302g$171gMagic Number 250mg CREAM SODA Live Rosin Magic DropsMagic NumberHybridTHC: 257.72mgAdd To Cart$171g$171gMagic Number 250mg PASSION FRUIT Live Rosin Magic DropsMagic NumberSativaTHC: 261.05mgAdd To Cart$171g$302gVerdant Leaf 500mg BANANA - GMO Live SHO SyrupVerdant LeafIndica HybridTHC: 502.13mgAdd To Cart$302g$822gFFE 2000mg PINEAPPLE KUSH High CBD TinctureFFE PDXHigh CBDTHC: 141mgCBD: 2076mgAdd To Cart$822g$582gFFE 2fl oz 1:1 CBN:CBD TinctureFFE PDXIndicaCBD: 304.83mgAdd To Cart$582g40% Off40% Off$21.60$361gBobsled 1000mg DIVINA OBSCURA High CBD TinctureBobsled ExtractsHigh CBDTHC: 567mgCBD: 957mgAdd To Cart$21.60$361g$422gCannabull 500mg BLACKBERRY Nano-Cannabinoid SyrupCrown B AlchemyIndicaTHC: 491mgAdd To Cart$422g$601.7gHigh Desert Pure 1.7 fl oz 1:1:1 CBD:CBG:CBN TRINITY Full Spectrum Hemp & Cannabis TinctureHigh Desert PureHybridCBD: 1370mgAdd To Cart$601.7g$421gSmokiez Edibles 1000mg THC TinctureSmokiez EdiblesTHCTHC: 1063.8mgCBD: 44.28mgAdd To Cart$421g$302gVerdant Leaf 500mg RASPBERRY - BLUEBERRY MUFFINS Live SHO SyrupVerdant LeafIndica HybridTHC: 469.3mgAdd To Cart$302g$724gCannabull 1000mg GREEN APPLE Nano-Cannabinoid SyrupCrown B AlchemyHybridTHC: 1056mgCBD: 8.25mgAdd To Cart$724g$251.53gHapy Kitchen 250mg 1:1:1 THC:CBD:CBN BLACKBERRY Indica Stone'd Fruit SyrupHapy KitchenIndicaTHC: 265.1mgCBD: 240.3mgAdd To Cart$251.53g$242gCannabull 250mg MANGO Nano-Cannabinoid SyrupCrown B AlchemySativaTHC: 248mgAdd To Cart$242g$481gSmokiez Edibles 1000mg 1:1 THC:CBN Hemp & Cannabis TinctureSmokiez EdiblesIndicaTHC: 904.5mgAdd To Cart$481g$621gMedicine Farm Botanicals 1 fl oz THC:CBD:CBG EASING ELIXIR - TUMMY TONIC Cannabis & Hemp TinctureMedicine FarmTHCTHC: 919mgCBD: 710mgAdd To Cart$621g$201.53gHapy Kitchen 250mg PEACH ORANGE MANGO Hybrid Stone'd Fruit SyrupHapy KitchenHybridTHC: 220.1mgAdd To Cart$201.53g$351gFFE 1fl oz 1:1 CBG:THC TinctureFFE PDX1:1THC: 311.4mgAdd To Cart$351g12NextShopping CartYour cart's emptywas just added to your cart.Continue to CartLoading...Continue to CartProductsFlowerEdiblesPre-RollsVapesConcentratesTincturesTopicalsQuick LinksShopVirtual BudtenderSpecialsAboutEducationContactVisit UsCareersContact560 SE 12th AveOntario OR, 97914(458) 224-8400Mon-Sun: 7:00am – 10:00pminfo@treasurevalleycannabis.comWant to hear more from us?  Sign up for our newsletter.Email© 2026 
				Treasure Valley Cannabis Company. 
				All Rights Reserved.facebookinstagramtwitterTerms & ConditionsSite bySearch All ProductsSearchSwitch your Store toBobsled 1000mg MADCOW Live Resin Tincture?Each location has its own separate shopping cart.If you switch locations, your current cart items will not transfer over.CancelSelect weight$NaN / ea11Add To CartfacebookinstagramtwitterAre you 21 years of age or a registered medical cardholder?Yes I amNo, Not yetYou are not old enough to view this WebsiteNotificationsLet me help you findwhat you're looking for!,HomeMenuTinctures,Tinctures",,"Skip to main contentTreasure Valley Cannabis CompanyMenuMenuShopVirtual BudtenderLoyaltySpecialsAboutEducationVisit UsOrder AheadShopFlowerEdiblesPre-RollsVapesConcentratesTincturesTopicalsAboutAbout UsOur FarmOur ProductsVisit UsEventsLocationContactShopFlowerEdiblesPre-RollsVapesConcentratesTincturesTopicalsVirtual BudtenderLoyaltySpecialsAboutAbout UsOur FarmOur ProductsEducationVisit UsEventsLocationContactOrder AheadFlowerEdiblesPre-RollsVapesConcentratesTincturesTopicalsHomeMenuTincturesTincturesShop AllFlowerEdiblesPre-RollsVapesConcentrateTincturesCBDClonesTopicalsSeedsApparelAccessoriesFilterSort ResultsSort By: Best SellingDefaultBest SellingLow to High PriceHigh to Low PriceLow to High PotencyHigh to Low PotencyName: A-ZName: Z-AFiltersSort bySort ResultsSort By: Best SellingDefaultBest SellingLow to High PriceHigh to Low PriceLow to High PotencyHigh to Low PotencyName: A-ZName: Z-ABrandsBobsled ExtractsCrown B AlchemyFFE PDXHapy KitchenHigh Desert PureMagic NumberMedicine FarmSmokiez EdiblesVerdant LeafStrain TypesHybridIndica1:1SativaTHCIndica HybridHigh CBDTHCTHC:0mg - 1000mg01000CBDCBD:0mg - 1000mg01000Clear AllSearchSort ResultsSort By: Best SellingDefaultBest SellingLow to High PriceHigh to Low PriceLow to High PotencyHigh to Low PotencyName: A-ZName: Z-AClearShow Results40% Off40% Off$21.60$361gBobsled 1000mg BUTTER OG Live Resin TinctureBobsled ExtractsIndicaTHC: 987.6mgAdd To Cart$21.60$361g$451gFFE 1000mg BLOCKBERRY High THC Hybrid TinctureFFE PDXHybridTHC: 991.5mgAdd To Cart$451g$45.5gMedicine Farm Botanicals 0.5 fl oz THC:CBD:CBN:CBG UNIVERSAL ELIXIR - RESTORATIVE TONIC Cannabis & Hemp TinctureMedicine FarmTHCTHC: 476mgCBD: 516mgAdd To Cart$45.5g$422gCannabull 500mg PASSION ORANGE GUAVA Nano-Cannabinoid SyrupCrown B AlchemySativaTHC: 501mgCBD: 4.05mgAdd To Cart$422g$35.5gMedicine Farm 0.5 fl oz 500mg 1:1 THC:CBD PASSION BERRY - BALANCE & CALM Cannabis & Hemp TinctureMedicine FarmTHCTHC: 550mgCBD: 550mgAdd To Cart$35.5g40% Off40% Off$21.60$361gBobsled 1000mg MADCOW Live Resin TinctureBobsled ExtractsSativaTHC: 1020mgAdd To Cart$21.60$361g$302gVerdant Leaf 500mg TROPICAL PUNCH - DULCE DE PAPAYA Live SHO SyrupVerdant LeafIndica HybridTHC: 514mgAdd To Cart$302g$171gMagic Number 250mg CREAM SODA Live Rosin Magic DropsMagic NumberHybridTHC: 257.72mgAdd To Cart$171g$171gMagic Number 250mg PASSION FRUIT Live Rosin Magic DropsMagic NumberSativaTHC: 261.05mgAdd To Cart$171g$302gVerdant Leaf 500mg BANANA - GMO Live SHO SyrupVerdant LeafIndica HybridTHC: 502.13mgAdd To Cart$302g$822gFFE 2000mg PINEAPPLE KUSH High CBD TinctureFFE PDXHigh CBDTHC: 141mgCBD: 2076mgAdd To Cart$822g$582gFFE 2fl oz 1:1 CBN:CBD TinctureFFE PDXIndicaCBD: 304.83mgAdd To Cart$582g40% Off40% Off$21.60$361gBobsled 1000mg DIVINA OBSCURA High CBD TinctureBobsled ExtractsHigh CBDTHC: 567mgCBD: 957mgAdd To Cart$21.60$361g$422gCannabull 500mg BLACKBERRY Nano-Cannabinoid SyrupCrown B AlchemyIndicaTHC: 491mgAdd To Cart$422g$601.7gHigh Desert Pure 1.7 fl oz 1:1:1 CBD:CBG:CBN TRINITY Full Spectrum Hemp & Cannabis TinctureHigh Desert PureHybridCBD: 1370mgAdd To Cart$601.7g$421gSmokiez Edibles 1000mg THC TinctureSmokiez EdiblesTHCTHC: 1063.8mgCBD: 44.28mgAdd To Cart$421g$302gVerdant Leaf 500mg RASPBERRY - BLUEBERRY MUFFINS Live SHO SyrupVerdant LeafIndica HybridTHC: 469.3mgAdd To Cart$302g$724gCannabull 1000mg GREEN APPLE Nano-Cannabinoid SyrupCrown B AlchemyHybridTHC: 1056mgCBD: 8.25mgAdd To Cart$724g$251.53gHapy Kitchen 250mg 1:1:1 THC:CBD:CBN BLACKBERRY Indica Stone'd Fruit SyrupHapy KitchenIndicaTHC: 265.1mgCBD: 240.3mgAdd To Cart$251.53g$242gCannabull 250mg MANGO Nano-Cannabinoid SyrupCrown B AlchemySativaTHC: 248mgAdd To Cart$242g$481gSmokiez Edibles 1000mg 1:1 THC:CBN Hemp & Cannabis TinctureSmokiez EdiblesIndicaTHC: 904.5mgAdd To Cart$481g$621gMedicine Farm Botanicals 1 fl oz THC:CBD:CBG EASING ELIXIR - TUMMY TONIC Cannabis & Hemp TinctureMedicine FarmTHCTHC: 919mgCBD: 710mgAdd To Cart$621g$201.53gHapy Kitchen 250mg PEACH ORANGE MANGO Hybrid Stone'd Fruit SyrupHapy KitchenHybridTHC: 220.1mgAdd To Cart$201.53g$351gFFE 1fl oz 1:1 CBG:THC TinctureFFE PDX1:1THC: 311.4mgAdd To Cart$351g12NextShopping CartYour cart's emptywas just added to your cart.Continue to CartLoading...Continue to CartProductsFlowerEdiblesPre-RollsVapesConcentratesTincturesTopicalsQuick LinksShopVirtual BudtenderSpecialsAboutEducationContactVisit UsCareersContact560 SE 12th AveOntario OR, 97914(458) 224-8400Mon-Sun: 7:00am – 10:00pminfo@treasurevalleycannabis.comWant to hear more from us?  Sign up for our newsletter.Email© 2026 
				Treasure Valley Cannabis Company. 
				All Rights Reserved.facebookinstagramtwitterTerms & ConditionsSite bySearch All ProductsSearchSwitch your Store toBobsled 1000mg MADCOW Live Resin Tincture?Each location has its own separate shopping cart.If you switch locations, your current cart items will not transfer over.CancelSelect weight$NaN / ea11Add To CartfacebookinstagramtwitterAre you 21 years of age or a registered medical cardholder?Yes I amNo, Not yetYou are not old enough to view this WebsiteNotificationsLet me help you findwhat you're looking for!,HomeMenuTinctures,Tinctures,Shop All,Shop All,Flower,Flower,Edibles,Edibles,Pre-Rolls,Pre-Rolls,Vapes,Vapes,Concentrate,Concentrate,Tinctures,Tinctures,CBD,CBD,Clones,Clones,Topicals,Topicals,Seeds,Seeds,Apparel,Apparel,Accessories,Accessories",
https://www.treasurevalleycannabis.com/our-products/,Menu,$80,,"Treasure Valley’s FinestIn House Solventless LineFeaturing Live Hash Rosin, Traditional Hashish, Hash Rosin Pods, and Cartridges.,Our Flower$801oz$80 Strawberry Gush MintsTreasure Valley Cannabis CompanyIndicaTHC: 24.48%CBD: 0.07%Add To Cart$801oz$601oz$60 Biscotti CreamTreasure Valley Cannabis CompanyIndicaTHC: 15.79%CBD: 0.06%Add To Cart$601oz$601oz$60 Insane Pound CakeTreasure Valley Cannabis CompanyHybridTHC: 22.5%Add To Cart$601ozShop All,Our Edibles$10Treasure Valley's Finest! BLUE RASPBERRY Indica Gems & Coins Gummies 10pkTreasure Valley's Finest! (Gummy)IndicaTHC: 100mgAdd To Cart$10$10Treasure Valley's Finest! PASSION FRUIT ORANGE GUAVA Indica Gems & Coins Gummies 10pkTreasure Valley's Finest! (Gummy)IndicaTHC: 99mgAdd To Cart$10$10Treasure Valley's Finest! WATERMELON Hybrid Gems & Coins Gummies 10pkTreasure Valley's Finest! (Gummy)HybridTHC: 103.5mgAdd To Cart$10$10Treasure Valley's Finest! PINEAPPLE Sativa Gems & Coins Gummies 10pkTreasure Valley's Finest! (Gummy)SativaTHC: 103.97mgAdd To Cart$10$5TVF! 100mg BANANA COLADA Hybrid Medallion Single JellyTreasure Valley's Finest! (Gummy)HybridTHC: 94.5mgAdd To Cart$5$5TVF! 100mg MARIONBERRY Indica Medallion Single JellyTreasure Valley's Finest! (Gummy)IndicaTHC: 91mgCBD: 0.2mgAdd To Cart$5$5TVF! 100mg HUCKLEBERRY Indica Medallion Single JellyTreasure Valley's Finest! (Gummy)IndicaTHC: 91.4mgAdd To Cart$5$5TVF! 100mg ORANGE CREAM Sativa Medallion Single JellyTreasure Valley's Finest! (Gummy)SativaTHC: 97.9mgAdd To Cart$5$5TVF! 100mg FRUIT PUNCH Sativa Medallion Single JellyTreasure Valley's Finest! (Gummy)SativaTHC: 93.7mgAdd To Cart$5$5TVF! 100mg ROOT BEER Hybrid Medallion Single JellyTreasure Valley's Finest! (Gummy)HybridTHC: 92.5mgAdd To Cart$5$5TVF! 100mg COLA Hybrid Medallion Single JellyTreasure Valley's Finest! (Gummy)HybridTHC: 99.8mgAdd To Cart$5$5TVF! 100mg CHERRY Indica Medallion Single JellyTreasure Valley's Finest! (Gummy)IndicaTHC: 99.48mgAdd To Cart$5$5TVF! 100mg STRAWBERRY Sativa Medallion Single JellyTreasure Valley's Finest! (Gummy)SativaTHC: 91.1mgCBD: 0.2mgAdd To Cart$5Shop All",,"Treasure Valley’s FinestIn House Solventless LineFeaturing Live Hash Rosin, Traditional Hashish, Hash Rosin Pods, and Cartridges.,Our Flower$801oz$80 Strawberry Gush MintsTreasure Valley Cannabis CompanyIndicaTHC: 24.48%CBD: 0.07%Add To Cart$801oz$601oz$60 Biscotti CreamTreasure Valley Cannabis CompanyIndicaTHC: 15.79%CBD: 0.06%Add To Cart$601oz$601oz$60 Insane Pound CakeTreasure Valley Cannabis CompanyHybridTHC: 22.5%Add To Cart$601ozShop All,Our Edibles$10Treasure Valley's Finest! BLUE RASPBERRY Indica Gems & Coins Gummies 10pkTreasure Valley's Finest! (Gummy)IndicaTHC: 100mgAdd To Cart$10$10Treasure Valley's Finest! PASSION FRUIT ORANGE GUAVA Indica Gems & Coins Gummies 10pkTreasure Valley's Finest! (Gummy)IndicaTHC: 99mgAdd To Cart$10$10Treasure Valley's Finest! WATERMELON Hybrid Gems & Coins Gummies 10pkTreasure Valley's Finest! (Gummy)HybridTHC: 103.5mgAdd To Cart$10$10Treasure Valley's Finest! PINEAPPLE Sativa Gems & Coins Gummies 10pkTreasure Valley's Finest! (Gummy)SativaTHC: 103.97mgAdd To Cart$10$5TVF! 100mg BANANA COLADA Hybrid Medallion Single JellyTreasure Valley's Finest! (Gummy)HybridTHC: 94.5mgAdd To Cart$5$5TVF! 100mg MARIONBERRY Indica Medallion Single JellyTreasure Valley's Finest! (Gummy)IndicaTHC: 91mgCBD: 0.2mgAdd To Cart$5$5TVF! 100mg HUCKLEBERRY Indica Medallion Single JellyTreasure Valley's Finest! (Gummy)IndicaTHC: 91.4mgAdd To Cart$5$5TVF! 100mg ORANGE CREAM Sativa Medallion Single JellyTreasure Valley's Finest! (Gummy)SativaTHC: 97.9mgAdd To Cart$5$5TVF! 100mg FRUIT PUNCH Sativa Medallion Single JellyTreasure Valley's Finest! (Gummy)SativaTHC: 93.7mgAdd To Cart$5$5TVF! 100mg ROOT BEER Hybrid Medallion Single JellyTreasure Valley's Finest! (Gummy)HybridTHC: 92.5mgAdd To Cart$5$5TVF! 100mg COLA Hybrid Medallion Single JellyTreasure Valley's Finest! (Gummy)HybridTHC: 99.8mgAdd To Cart$5$5TVF! 100mg CHERRY Indica Medallion Single JellyTreasure Valley's Finest! (Gummy)IndicaTHC: 99.48mgAdd To Cart$5$5TVF! 100mg STRAWBERRY Sativa Medallion Single JellyTreasure Valley's Finest! (Gummy)SativaTHC: 91.1mgCBD: 0.2mgAdd To Cart$5Shop All,Our Vape Carts10% Off$24.30$271gTreasure Valley Cannabis Company 1g GOOBERRY Live Resin Vape CartridgeTreasure Valley Cannabis Company (Cart)Indica HybridTHC: 71.23%CBD: 0.26%Add To Cart$24.30$271gShop All,Our Pre-Roll PacksNo products found.Shop All,Our Pre-Roll SinglesNo products found.Shop All,Our Concentrates$552gTreasure Valley's Finest! 2g CANDY FUMEZ Premium Cold Cure Live Hash Rosin BadderTreasure Valley's FinestIndicaTHC: 62.2%CBD: 0.14%Add To Cart$552g$301gTreasure Valley's Finest! 1g ZIMA Premium Cold Cure Live Hash Rosin BadderTreasure Valley's FinestIndicaTHC: 66.13%CBD: 0.14%Add To Cart$301g$301gTreasure Valley's Finest! 1g SOUR PAPAYA Premium Cold Cure Live Hash Rosin BadderTreasure Valley's FinestIndicaTHC: 67.43%CBD: 0.24%Add To Cart$301g$301gTreasure Valley's Finest! 1g FRIENDS IN LOW PLACES Premium Cold Cure Live Hash Rosin BadderTreasure Valley's FinestHybridTHC: 65.98%CBD: 0.17%Add To Cart$301g$301gTreasure Valley's Finest! 1g MILE HIGH MOUSSE Premium Cold Cure Live Hash Rosin BadderTreasure Valley's FinestHybridTHC: 67.64%CBD: 0.15%Add To Cart$301g$301gTreasure Valley's Finest! 1g RAINBOW PUSH POP Premium Cold Cure Live Hash Rosin BadderTreasure Valley's FinestIndicaTHC: 68.61%CBD: 0.24%Add To Cart$301g$301gTreasure Valley's Finest! 1g RED SMOOTHIE Premium Cold Cure Live Hash Rosin BadderTreasure Valley's FinestHybridTHC: 64.55%CBD: 0.28%Add To Cart$301g$301gTreasure Valley's Finest! 1g SUPERBOOF Premium Cold Cure Live Hash Rosin BadderTreasure Valley's FinestHybridTHC: 62.72%CBD: 0.15%Add To Cart$301g$552gTreasure Valley's Finest! 2g LOCO YODA Premium Cold Cure Live Hash Rosin BadderTreasure Valley's FinestHybridTHC: 70.02%CBD: 0.19%Add To Cart$552g$552gTreasure Valley's Finest! 2g KUSH NANA Premium Cold Cure Live Hash Rosin BadderTreasure Valley's FinestHybridTHC: 68.81%CBD: 0.21%Add To Cart$552g$552gTreasure Valley's Finest! 2g HASH BURGER Premium Cold Cure Live Hash Rosin BadderTreasure Valley's FinestIndicaTHC: 65.7%CBD: 0.18%Add To Cart$552g$552gTreasure Valley's Finest! 2g GOVERNMENT OASIS Premium Cold Cure Live Hash Rosin BadderTreasure Valley's FinestHybridTHC: 71.22%CBD: 0.34%Add To Cart$552gShop All,Our Apparel$40Waterfall Fleece Crew - - 2XLTreasure Valley Cannabis Co. (Merchandise)Add To Cart$40$40Waterfall Fleece Crew - - 3XLTreasure Valley Cannabis Co. (Merchandise)Add To Cart$40$40TVCC OG Logo Hoodie Black - - 3XLTreasure Valley Cannabis Co. (Merchandise)Add To Cart$40$35TVCC OG Logo Hoodie Grey - - LargeTreasure Valley Cannabis Co. (Merchandise)Add To Cart$35$35TVCC OG Logo Hoodie Grey - - XLTreasure Valley Cannabis Co. (Merchandise)Add To Cart$35$35TVCC OG Logo Hoodie Black - - MediumTreasure Valley Cannabis Co. (Merchandise)Add To Cart$35$40Waterfall Fleece Crew - - XLARGETreasure Valley Cannabis Co. (Merchandise)Add To Cart$40$20TVCC Logo Fitted Crew Black Shirt - - MediumTreasure Valley Cannabis Co. (Merchandise)Add To Cart$20$27Embroidery Women's Crew Desert Pink - - MEDIUMTreasure Valley Cannabis Co. (Merchandise)Add To Cart$27$20TVCC Logo Fitted Crew Black Shirt - - SmallTreasure Valley Cannabis Co. (Merchandise)Add To Cart$20$40TVCC OG Logo Hoodie Grey - - 2XLTreasure Valley Cannabis Co. (Merchandise)Add To Cart$40$35TVCC OG Logo Hoodie Grey - - MediumTreasure Valley Cannabis Co. (Merchandise)Add To Cart$35$35TVCC OG Logo Hoodie Black - - SmallTreasure Valley Cannabis Co. (Merchandise)Add To Cart$35$35TVCC OG Logo Hoodie Grey - - SmallTreasure Valley Cannabis Co. (Merchandise)Add To Cart$35$20TVCC Logo Fitted Crew Black Shirt - - XLTreasure Valley Cannabis Co. (Merchandise)Add To Cart$20$40Waterfall Fleece Crew - - LARGETreasure Valley Cannabis Co. (Merchandise)Add To Cart$40$35TVCC OG Logo Hoodie Black - - LargeTreasure Valley Cannabis Co. (Merchandise)Add To Cart$35$40Waterfall Fleece Crew - - MEDIUMTreasure Valley Cannabis Co. (Merchandise)Add To Cart$40$20TVCC Logo Fitted Crew Dark Grey Shirt - - SmallTreasure Valley Cannabis Co. (Merchandise)Add To Cart$20$40TVCC OG Logo Hoodie Black - - 2XLTreasure Valley Cannabis Co. (Merchandise)Add To Cart$40$20TVCC Logo Fitted Crew Dark Grey Shirt - - XLTreasure Valley Cannabis Co. (Merchandise)Add To Cart$20$20TVCC Logo Fitted Crew Dark Grey Shirt - - MediumTreasure Valley Cannabis Co. (Merchandise)Add To Cart$20$35TVCC OG Logo Hoodie Black - - XLTreasure Valley Cannabis Co. (Merchandise)Add To Cart$35$40TVCC OG Logo Hoodie Grey - - 3XLTreasure Valley Cannabis Co. (Merchandise)Add To Cart$40Shop All,Our Accessories$10Treasure Valley Cannabis Co. ""glow in the dark"" AshtrayTreasure Valley Cannabis Co. (Merchandise)Add To Cart$10$3Treasure Valley Green KeychainTreasure Valley Cannabis Co. (Merchandise)Add To Cart$3$1.50TVCC Koozie CamoTreasure Valley Cannabis Co. (Merchandise)Add To Cart$1.50$15Treasure Valley GREEN Campfire MugTreasure Valley Cannabis Co. (Merchandise)Add To Cart$15$20TVCC Logo 20 Oz. Stainless Steel Tumbler - - WHITETreasure Valley Cannabis Co. (Merchandise)Add To Cart$20$10Canvas Tote Bag - BlackTreasure Valley Cannabis Co. (Merchandise)Add To Cart$10$3Treasure Valley 1 1/4 Rolling Papers w/TipsTreasure Valley Cannabis Co. (Merchandise)Add To Cart$3$1.50TVCC Black KoozieTreasure Valley Cannabis Co. (Merchandise)Add To Cart$1.50$20TVCC Logo 20 Oz. Stainless Steel Tumbler - - GRAYTreasure Valley Cannabis Co. (Merchandise)Add To Cart$20$5TVCC LanyardTreasure Valley Cannabis Co. (Merchandise)Add To Cart$5$10Canvas Tote Bag - NaturalTreasure Valley Cannabis Co. (Merchandise)Add To Cart$10$3TVCC DAB TOOLTreasure Valley Cannabis Co. (Merchandise)Add To Cart$3Shop All,Treasure Valley Cannabis Company – Ontario, Oregon’s Craft Cannabis DestinationTreasure Valley Cannabis Company stands as Ontario, Oregon’s premier cannabis destination. Our expansive 6,000-square-foot showroom transforms how customers experience cannabis through transparency, education, and genuine craft.This direct connection between consumer and production builds trust. It demonstrates our core philosophy: cannabis should be clean, authentic, and crafted with meticulous care. From premium flower to artisanal edibles and potent concentrates, Treasure Valley Cannabis Company delivers products that embody Oregon craft cannabis at its finest.Vertically Integrated Cannabis in Ontario, OregonTreasure Valley’s vertically integrated model means everything—from seed to sale—stays managed in-house. We cultivate our own cannabis on our Applegate farms and process it under strict quality standards. This ensures customers receive products that are consistent, safe, and effective. Our system also enables innovation, giving our cultivation and lab teams the flexibility to experiment with genetics, terpenes, and extraction techniques that push cannabis quality boundaries. Customers can trust that every product on our shelves has been crafted with identical care and precision.Inside Our In-House Solventless LabOne standout feature of Treasure Valley is our in-house solventless lab. Instead of relying on harsh chemicals, our lab uses heat, pressure, and filtration to create concentrates that retain the plant’s natural cannabinoids and terpenes. Visitors to our dispensary look through windows into the lab. They watch the process of pressing rosin, creating hash, and refining solventless cartridges in real time. This emphasis on solventless methods ensures products are both clean and potent. The result: consumers experience pure cannabis in its most authentic form.Why Solventless Extraction Sets Us ApartSolventless products are prized for their purity. By avoiding hydrocarbons or chemical solvents, Treasure Valley’s rosin, hash, and solventless cartridges preserve the full spectrum of the plant. This results in concentrates that are not only powerful but also true to the strain’s natural profile. Customers consistently describe these products as more flavorful, aromatic, and nuanced than traditional extracts. The difference is immediately apparent—both in taste and effect.Product ProfilesPremium Oregon-Grown FlowerGrown on our Applegate farms, Treasure Valley’s flower represents the foundation of our brand. Every strain is cultivated with care, using techniques that highlight terpene expression and cannabinoid richness. Expect consistent quality across our selection. We maintain energizing sativas, balanced hybrids, and relaxing indicas that deliver reliable experiences every time.Solventless Vape CartridgesTreasure Valley’s solventless cartridges have become a customer favorite. They provide full-spectrum effects in a portable format. Crafted with rosin extracted in our lab, these cartridges capture the true essence of each strain. Consumers enjoy the smooth vapor, rich terpene flavor, and reliable potency that solventless carts consistently deliver. Each cartridge represents hours of careful extraction and refinement.Small-Batch Hash & RosinOur in-house lab produces small-batch hash and rosin that cater to concentrate enthusiasts. Each batch is pressed to perfection, delivering dense, flavorful hits packed with cannabinoids and terpenes. Hash lovers appreciate the authenticity of Treasure Valley’s methods. Rosin fans can explore strains in their most flavorful form, experiencing the plant’s complete terpene profile with every dab.Solventless Edible GummiesTreasure Valley’s edibles are infused with solventless extracts, ensuring a clean, consistent dose in every bite. We craft them into gummies, chocolates, and baked treats that provide flavorful experiences with reliable effects. Our extraction methods carry over into our edibles, maintaining the clean profile that defines our brand.Dab-Ready ConcentratesFor those seeking high-potency experiences, Treasure Valley provides dab-ready concentrates from our lab. These products highlight the craftsmanship of solventless extraction. They deliver rich, terpene-forward flavor alongside powerful effects that satisfy even the most discerning concentrate enthusiasts.Hand-Rolled Cannabis Pre-RollsTreasure Valley offers both single pre-rolls and multi-pack options, rolled with the same premium flower cultivated on their farm. These convenient formats are perfect for sampling different strains or enjoying a ready-to-use session without preparation. Consistency in grind, roll, and burn quality make their pre-rolls a reliable choice for everyday use.FAQWhat makes Treasure Valley Cannabis Company different?Our vertically integrated model and in-house solventless lab ensure quality, consistency, and transparency at every stage of the process. We control cultivation, extraction, and retail under one roof.What does solventless mean?Solventless extraction uses heat, pressure, and filtration instead of chemicals. This produces concentrates that are pure, flavorful, and strain-true while maintaining the plant’s natural profile.Can customers see the hash production process?Absolutely. Treasure Valley’s dispensary features viewing windows into the on-site lab, allowing customers to see how solventless cartridges, hash, dab, and edibles are made in real time.What products are available?Treasure Valley provides premium flower, solventless cartridges, rosin, hash, edibles, and dab concentrates—all crafted in our facility.Why choose solventless products?They deliver a cleaner, more natural cannabis experience with richer terpene flavor and full-spectrum effects that honor the plant’s complete profile.Is Treasure Valley locally owned?Yes. The company is rooted in Oregon, with cultivation in Applegate and our flagship dispensary in Ontario serving the community.Who are Treasure Valley products best for?Both new consumers seeking safe, approachable products and connoisseurs chasing craft-quality concentrates will discover something exceptional in our selection.",
https://www.treasurevalleycannabis.com/shop/concentrates/,Menu,$52$64.99,,"Skip to main contentTreasure Valley Cannabis CompanyMenuMenuShopVirtual BudtenderLoyaltySpecialsAboutEducationVisit UsOrder AheadShopFlowerEdiblesPre-RollsVapesConcentratesTincturesTopicalsAboutAbout UsOur FarmOur ProductsVisit UsEventsLocationContactShopFlowerEdiblesPre-RollsVapesConcentratesTincturesTopicalsVirtual BudtenderLoyaltySpecialsAboutAbout UsOur FarmOur ProductsEducationVisit UsEventsLocationContactOrder AheadFlowerEdiblesPre-RollsVapesConcentratesTincturesTopicalsHomeMenuConcentratesConcentratesShop AllFlowerEdiblesPre-RollsVapesConcentrateTincturesCBDClonesTopicalsSeedsApparelAccessoriesFilterSort ResultsSort By: Best SellingDefaultBest SellingLow to High PriceHigh to Low PriceLow to High PotencyHigh to Low PotencyName: A-ZName: Z-AFiltersSort bySort ResultsSort By: Best SellingDefaultBest SellingLow to High PriceHigh to Low PriceLow to High PotencyHigh to Low PotencyName: A-ZName: Z-ABrandsAltered AlchemyBeehive ExtractsBobsled ExtractsBo's Nose KnowsCalyx CraftsConcrete Jungle ExtractsDirty Arm FarmDisco DabsDougieDr. Jolly'sEcho ElectuaryEntourage CannabisEugreen FarmsHigher CulturesLeft Hand LabsLivetia FarmsMana ExtractsMule ExtractsNorthWest OiltechOregrownOut ColdPDX OrganixPiff StixsRed EyeSessions Cannabis ExtractSmackedSquishy ScientificTasteBudzTreasure Valley Cannabis Company (Extract)Treasure Valley's FinestVerdant LeafWhite Label ExtractsWillamette Valley AlchemyView AllStrain TypesHybridIndicaSativaSativa HybridTHCTHC:0% - 100%0100CBDCBD:0% - 100%0100Clear AllSearchSort ResultsSort By: Best SellingDefaultBest SellingLow to High PriceHigh to Low PriceLow to High PotencyHigh to Low PotencyName: A-ZName: Z-AClearShow Results20% Off20% Off$52$64.992gEntourage Cannabis 2g FUNK MTN Live Hash RosinEntourage CannabisSativaTHC: 66.92%CBD: 0.28%Add To Cart$52$64.992g$682gOut Cold 2g PEACH DELISH Hash Rosin BadderOut ColdIndicaTHC: 69.23%CBD: 0.26%Add To Cart$682g$182gDisco Dabs 2g DOLATO ShatterDisco DabsHybridTHC: 73.72%CBD: 0.79%Add To Cart$182g$252gConcrete Jungle Extracts 2g EL CHIVO Cured ResinConcrete Jungle ExtractsIndicaTHC: 82.81%Add To Cart$252g$182gDisco Dabs 2g GALACTIC TANGIE ShatterDisco DabsSativaTHC: 70.2%Add To Cart$182g$552gTreasure Valley's Finest! 2g GOVERNMENT OASIS Premium Cold Cure Live Hash Rosin BadderTreasure Valley's FinestHybridTHC: 71.22%CBD: 0.34%Add To Cart$552g$121gConcrete Jungle Extracts 1g SOUTHERN SUNSET Cured ResinConcrete Jungle ExtractsIndicaTHC: 81.31%CBD: 0.11%Add To Cart$121g30% Off30% Off$14$201gHigher Cultures 1g APPLE JACKED Live Resin SugarHigher CulturesIndicaTHC: 63.93%CBD: 0.16%Add To Cart$14$201g20% Off20% Off$28.80$362gEntourage Cannabis 2g CLOUD NINE BHO Sugar WaxEntourage CannabisHybridTHC: 79.48%CBD: 0.11%Add To Cart$28.80$362g$101gDisco Dabs 1g COCONUT HORCHATA ShatterDisco DabsIndicaTHC: 76.04%CBD: 0.18%Add To Cart$101g30% Off30% Off$37.80$541gPDX Organix 1g NASCAR PRETTY Live RosinPDX OrganixHybridTHC: 72.7%CBD: 0.28%Add To Cart$37.80$541g$301gVerdant Leaf 1g ELIXIR Cold Cured Live Rosin BadderVerdant LeafIndicaTHC: 76%CBD: 0.2%Add To Cart$301g20% Off20% Off$38.40$481gSquishy Scientific 1g TANGIBERTO Cold Cure Hash RosinSquishy ScientificIndicaTHC: 72.51%CBD: 0.15%Add To Cart$38.40$481g$151gTreasure Valley Cannabis Company 1g MAUI TRUEBLOOD Live Resin Dab JarTreasure Valley Cannabis Company (Extract)SativaTHC: 80.11%CBD: 0.21%Add To Cart$151g$301gDirty Arm Farm 1g MELTED STRAWBERRIES Single Source Live RosinDirty Arm FarmHybridTHC: 72.61%Add To Cart$301g30% Off30% Off$21$301gHigher Cultures 1g GINGER MINTZ Live Rosin BatterHigher CulturesSativaTHC: 66.52%CBD: 0.14%Add To Cart$21$301g30% Off30% Off$42$601/8ozPiff Stixs 3.5g RUBY RED GAS Snow Budz Diamond Infused FlowerPiff StixsHybridTHC: 28.93%CBD: 0.04%Add To Cart$42$601/8oz20% Off20% Off$36$451gEntourage Cannabis 1g MOROCCAN PEACHES Live Hash RosinEntourage CannabisHybridTHC: 67.73%CBD: 0.24%Add To Cart$36$451g20% Off20% Off$16.01$201gEntourage Cannabis 1g LIMONENE HAZE BHO Sugar WaxEntourage CannabisSativaTHC: 79.7%Add To Cart$16.01$201g$161gWVA 1g OBAMA BERRY Cured Resin BadderWillamette Valley AlchemyIndicaTHC: 76.16%CBD: 0.15%Add To Cart$161g$601gNorthWest Oiltech 1g DULCE DE FRESA Live RosinNorthWest OiltechHybridTHC: 74.03%CBD: 0.23%Add To Cart$601g$151gAfterglow - Taste Budz 1g GOLDEN PINEAPPLE Flavored Sugar WaxMana ExtractsHybridTHC: 898mgAdd To Cart$151g$121gRed Eye 1g WHITE TAHOE HAWAIIAN CANDYLAND Dab JarRed EyeIndicaTHC: 68.91%CBD: 0.14%Add To Cart$121g$552gTreasure Valley's Finest! 2g HASH BURGER Premium Cold Cure Live Hash Rosin BadderTreasure Valley's FinestIndicaTHC: 65.7%CBD: 0.18%Add To Cart$552g12345NextShopping CartYour cart's emptywas just added to your cart.Continue to CartLoading...Continue to CartConcentrates in Ontario ORWhen it comes to finding one of the best collections of cannabis concentrates, Treasure Valley Cannabis Company simplifies the shopping experience. Known to offer one of the best selections of high-quality extracts, including the in-house solventless line, Treasure Valley connects customers to the finest concentrates in the state.The Best Extracts and Concentrates in Treasure ValleyTreasure Valley provides one of the most well-sourced collections of cannabis extracts and concentrates in the entire state. By partnering with cannabis processors who are stringent about quality control and exceptional experiences, TVCC creates one of the most respected concentrate menus in the area. You’ll find picks on the menu from top brands, such as Bobsled Extracts, Sessions Cannabis, Altered Alchemy, Mana Extracts, and More.Treasure Valley is also highly prized for its collection of in-house-made solventless extracts. With a full collection of strain-specific solventless live rosin badder, live rosin hash, and traditional hash, TVCC delivers many full-spectrum options. Be sure to look for the Treasure Valley’s Finest collection!A Potent and Diverse Spectrum of Cannabis ConcentratesIf you are after diversity when shopping for dabs in Oregon, Treasure Valley never disappoints. The dispensary provides an exceptional collection of extract and concentrate types, including rosin, resin, hash, badder, and more. The menu boasts both solventless and solvent-extracted varieties modeled after both contemporary and traditional strains.A visit to Treasure Valley will yield access to an impressive collection of concentrates modeled after favorite strains, like Garlic Bread, Sriracha, Family Vault Purple, Ice Cream Cake, Larry Burger, and more, and that’s just to name a few.Find the Top Concentrates Near Idaho at Treasure Valley Cannabis CompanyIf you’re looking for the best concentrates near Idaho or in Eastern OR, be sure to take a look at the massive collection at Treasure Valley Cannabis Company. With a commitment to partnering with brands that can meet their own in-house standards, every concentrate on the menu is purposefully evaluated before being included. Order ahead or stop in to explore in person and get recommendations from people who are just as passionate about clean extracts as you.ProductsFlowerEdiblesPre-RollsVapesConcentratesTincturesTopicalsQuick LinksShopVirtual BudtenderSpecialsAboutEducationContactVisit UsCareersContact560 SE 12th AveOntario OR, 97914(458) 224-8400Mon-Sun: 7:00am – 10:00pminfo@treasurevalleycannabis.comWant to hear more from us?  Sign up for our newsletter.Email© 2026 
				Treasure Valley Cannabis Company. 
				All Rights Reserved.facebookinstagramtwitterTerms & ConditionsSite bySearch All ProductsSearchSwitch your Store toTreasure Valley’s Finest! 2g CANDY FUMEZ Premium Cold Cure Live Hash Rosin Badder?Each location has its own separate shopping cart.If you switch locations, your current cart items will not transfer over.CancelSelect weight$NaN / ea11Add To CartfacebookinstagramtwitterAre you 21 years of age or a registered medical cardholder?Yes I amNo, Not yetYou are not old enough to view this WebsiteNotificationsLet me help you findwhat you're looking for!,HomeMenuConcentrates,Concentrates",,"Skip to main contentTreasure Valley Cannabis CompanyMenuMenuShopVirtual BudtenderLoyaltySpecialsAboutEducationVisit UsOrder AheadShopFlowerEdiblesPre-RollsVapesConcentratesTincturesTopicalsAboutAbout UsOur FarmOur ProductsVisit UsEventsLocationContactShopFlowerEdiblesPre-RollsVapesConcentratesTincturesTopicalsVirtual BudtenderLoyaltySpecialsAboutAbout UsOur FarmOur ProductsEducationVisit UsEventsLocationContactOrder AheadFlowerEdiblesPre-RollsVapesConcentratesTincturesTopicalsHomeMenuConcentratesConcentratesShop AllFlowerEdiblesPre-RollsVapesConcentrateTincturesCBDClonesTopicalsSeedsApparelAccessoriesFilterSort ResultsSort By: Best SellingDefaultBest SellingLow to High PriceHigh to Low PriceLow to High PotencyHigh to Low PotencyName: A-ZName: Z-AFiltersSort bySort ResultsSort By: Best SellingDefaultBest SellingLow to High PriceHigh to Low PriceLow to High PotencyHigh to Low PotencyName: A-ZName: Z-ABrandsAltered AlchemyBeehive ExtractsBobsled ExtractsBo's Nose KnowsCalyx CraftsConcrete Jungle ExtractsDirty Arm FarmDisco DabsDougieDr. Jolly'sEcho ElectuaryEntourage CannabisEugreen FarmsHigher CulturesLeft Hand LabsLivetia FarmsMana ExtractsMule ExtractsNorthWest OiltechOregrownOut ColdPDX OrganixPiff StixsRed EyeSessions Cannabis ExtractSmackedSquishy ScientificTasteBudzTreasure Valley Cannabis Company (Extract)Treasure Valley's FinestVerdant LeafWhite Label ExtractsWillamette Valley AlchemyView AllStrain TypesHybridIndicaSativaSativa HybridTHCTHC:0% - 100%0100CBDCBD:0% - 100%0100Clear AllSearchSort ResultsSort By: Best SellingDefaultBest SellingLow to High PriceHigh to Low PriceLow to High PotencyHigh to Low PotencyName: A-ZName: Z-AClearShow Results20% Off20% Off$52$64.992gEntourage Cannabis 2g FUNK MTN Live Hash RosinEntourage CannabisSativaTHC: 66.92%CBD: 0.28%Add To Cart$52$64.992g$682gOut Cold 2g PEACH DELISH Hash Rosin BadderOut ColdIndicaTHC: 69.23%CBD: 0.26%Add To Cart$682g$182gDisco Dabs 2g DOLATO ShatterDisco DabsHybridTHC: 73.72%CBD: 0.79%Add To Cart$182g$252gConcrete Jungle Extracts 2g EL CHIVO Cured ResinConcrete Jungle ExtractsIndicaTHC: 82.81%Add To Cart$252g$182gDisco Dabs 2g GALACTIC TANGIE ShatterDisco DabsSativaTHC: 70.2%Add To Cart$182g$552gTreasure Valley's Finest! 2g GOVERNMENT OASIS Premium Cold Cure Live Hash Rosin BadderTreasure Valley's FinestHybridTHC: 71.22%CBD: 0.34%Add To Cart$552g$121gConcrete Jungle Extracts 1g SOUTHERN SUNSET Cured ResinConcrete Jungle ExtractsIndicaTHC: 81.31%CBD: 0.11%Add To Cart$121g30% Off30% Off$14$201gHigher Cultures 1g APPLE JACKED Live Resin SugarHigher CulturesIndicaTHC: 63.93%CBD: 0.16%Add To Cart$14$201g20% Off20% Off$28.80$362gEntourage Cannabis 2g CLOUD NINE BHO Sugar WaxEntourage CannabisHybridTHC: 79.48%CBD: 0.11%Add To Cart$28.80$362g$101gDisco Dabs 1g COCONUT HORCHATA ShatterDisco DabsIndicaTHC: 76.04%CBD: 0.18%Add To Cart$101g30% Off30% Off$37.80$541gPDX Organix 1g NASCAR PRETTY Live RosinPDX OrganixHybridTHC: 72.7%CBD: 0.28%Add To Cart$37.80$541g$301gVerdant Leaf 1g ELIXIR Cold Cured Live Rosin BadderVerdant LeafIndicaTHC: 76%CBD: 0.2%Add To Cart$301g20% Off20% Off$38.40$481gSquishy Scientific 1g TANGIBERTO Cold Cure Hash RosinSquishy ScientificIndicaTHC: 72.51%CBD: 0.15%Add To Cart$38.40$481g$151gTreasure Valley Cannabis Company 1g MAUI TRUEBLOOD Live Resin Dab JarTreasure Valley Cannabis Company (Extract)SativaTHC: 80.11%CBD: 0.21%Add To Cart$151g$301gDirty Arm Farm 1g MELTED STRAWBERRIES Single Source Live RosinDirty Arm FarmHybridTHC: 72.61%Add To Cart$301g30% Off30% Off$21$301gHigher Cultures 1g GINGER MINTZ Live Rosin BatterHigher CulturesSativaTHC: 66.52%CBD: 0.14%Add To Cart$21$301g30% Off30% Off$42$601/8ozPiff Stixs 3.5g RUBY RED GAS Snow Budz Diamond Infused FlowerPiff StixsHybridTHC: 28.93%CBD: 0.04%Add To Cart$42$601/8oz20% Off20% Off$36$451gEntourage Cannabis 1g MOROCCAN PEACHES Live Hash RosinEntourage CannabisHybridTHC: 67.73%CBD: 0.24%Add To Cart$36$451g20% Off20% Off$16.01$201gEntourage Cannabis 1g LIMONENE HAZE BHO Sugar WaxEntourage CannabisSativaTHC: 79.7%Add To Cart$16.01$201g$161gWVA 1g OBAMA BERRY Cured Resin BadderWillamette Valley AlchemyIndicaTHC: 76.16%CBD: 0.15%Add To Cart$161g$601gNorthWest Oiltech 1g DULCE DE FRESA Live RosinNorthWest OiltechHybridTHC: 74.03%CBD: 0.23%Add To Cart$601g$151gAfterglow - Taste Budz 1g GOLDEN PINEAPPLE Flavored Sugar WaxMana ExtractsHybridTHC: 898mgAdd To Cart$151g$121gRed Eye 1g WHITE TAHOE HAWAIIAN CANDYLAND Dab JarRed EyeIndicaTHC: 68.91%CBD: 0.14%Add To Cart$121g$552gTreasure Valley's Finest! 2g HASH BURGER Premium Cold Cure Live Hash Rosin BadderTreasure Valley's FinestIndicaTHC: 65.7%CBD: 0.18%Add To Cart$552g12345NextShopping CartYour cart's emptywas just added to your cart.Continue to CartLoading...Continue to CartConcentrates in Ontario ORWhen it comes to finding one of the best collections of cannabis concentrates, Treasure Valley Cannabis Company simplifies the shopping experience. Known to offer one of the best selections of high-quality extracts, including the in-house solventless line, Treasure Valley connects customers to the finest concentrates in the state.The Best Extracts and Concentrates in Treasure ValleyTreasure Valley provides one of the most well-sourced collections of cannabis extracts and concentrates in the entire state. By partnering with cannabis processors who are stringent about quality control and exceptional experiences, TVCC creates one of the most respected concentrate menus in the area. You’ll find picks on the menu from top brands, such as Bobsled Extracts, Sessions Cannabis, Altered Alchemy, Mana Extracts, and More.Treasure Valley is also highly prized for its collection of in-house-made solventless extracts. With a full collection of strain-specific solventless live rosin badder, live rosin hash, and traditional hash, TVCC delivers many full-spectrum options. Be sure to look for the Treasure Valley’s Finest collection!A Potent and Diverse Spectrum of Cannabis ConcentratesIf you are after diversity when shopping for dabs in Oregon, Treasure Valley never disappoints. The dispensary provides an exceptional collection of extract and concentrate types, including rosin, resin, hash, badder, and more. The menu boasts both solventless and solvent-extracted varieties modeled after both contemporary and traditional strains.A visit to Treasure Valley will yield access to an impressive collection of concentrates modeled after favorite strains, like Garlic Bread, Sriracha, Family Vault Purple, Ice Cream Cake, Larry Burger, and more, and that’s just to name a few.Find the Top Concentrates Near Idaho at Treasure Valley Cannabis CompanyIf you’re looking for the best concentrates near Idaho or in Eastern OR, be sure to take a look at the massive collection at Treasure Valley Cannabis Company. With a commitment to partnering with brands that can meet their own in-house standards, every concentrate on the menu is purposefully evaluated before being included. Order ahead or stop in to explore in person and get recommendations from people who are just as passionate about clean extracts as you.ProductsFlowerEdiblesPre-RollsVapesConcentratesTincturesTopicalsQuick LinksShopVirtual BudtenderSpecialsAboutEducationContactVisit UsCareersContact560 SE 12th AveOntario OR, 97914(458) 224-8400Mon-Sun: 7:00am – 10:00pminfo@treasurevalleycannabis.comWant to hear more from us?  Sign up for our newsletter.Email© 2026 
				Treasure Valley Cannabis Company. 
				All Rights Reserved.facebookinstagramtwitterTerms & ConditionsSite bySearch All ProductsSearchSwitch your Store toTreasure Valley’s Finest! 2g CANDY FUMEZ Premium Cold Cure Live Hash Rosin Badder?Each location has its own separate shopping cart.If you switch locations, your current cart items will not transfer over.CancelSelect weight$NaN / ea11Add To CartfacebookinstagramtwitterAre you 21 years of age or a registered medical cardholder?Yes I amNo, Not yetYou are not old enough to view this WebsiteNotificationsLet me help you findwhat you're looking for!,HomeMenuConcentrates,Concentrates,Shop All,Shop All,Flower,Flower,Edibles,Edibles,Pre-Rolls,Pre-Rolls,Vapes,Vapes,Concentrate,Concentrate,Tinctures,Tinctures,CBD,CBD,Clones,Clones,Topicals,Topicals,Seeds,Seeds,Apparel,Apparel,Accessories,Accessories,Concentrates in Ontario ORWhen it comes to finding one of the best collections of cannabis concentrates, Treasure Valley Cannabis Company simplifies the shopping experience. Known to offer one of the best selections of high-quality extracts, including the in-house solventless line, Treasure Valley connects customers to the finest concentrates in the state.The Best Extracts and Concentrates in Treasure ValleyTreasure Valley provides one of the most well-sourced collections of cannabis extracts and concentrates in the entire state. By partnering with cannabis processors who are stringent about quality control and exceptional experiences, TVCC creates one of the most respected concentrate menus in the area. You’ll find picks on the menu from top brands, such as Bobsled Extracts, Sessions Cannabis, Altered Alchemy, Mana Extracts, and More.Treasure Valley is also highly prized for its collection of in-house-made solventless extracts. With a full collection of strain-specific solventless live rosin badder, live rosin hash, and traditional hash, TVCC delivers many full-spectrum options. Be sure to look for the Treasure Valley’s Finest collection!A Potent and Diverse Spectrum of Cannabis ConcentratesIf you are after diversity when shopping for dabs in Oregon, Treasure Valley never disappoints. The dispensary provides an exceptional collection of extract and concentrate types, including rosin, resin, hash, badder, and more. The menu boasts both solventless and solvent-extracted varieties modeled after both contemporary and traditional strains.A visit to Treasure Valley will yield access to an impressive collection of concentrates modeled after favorite strains, like Garlic Bread, Sriracha, Family Vault Purple, Ice Cream Cake, Larry Burger, and more, and that’s just to name a few.Find the Top Concentrates Near Idaho at Treasure Valley Cannabis CompanyIf you’re looking for the best concentrates near Idaho or in Eastern OR, be sure to take a look at the massive collection at Treasure Valley Cannabis Company. With a commitment to partnering with brands that can meet their own in-house standards, every concentrate on the menu is purposefully evaluated before being included. Order ahead or stop in to explore in person and get recommendations from people who are just as passionate about clean extracts as you.",
https://www.treasurevalleycannabis.com/dispensary-ontario-or/,Menu,,,"Treasure Valley CannabisVisit UsHoursMon- Sun: 7:00am – 10:00pmContact560 SE 12th Avenue,Ontario Oregon 97914(458) 224-8400Order OnlineVisit Us,Plan Your Trip Treasure ValleyListenStart by exploring ourcurated playlists, specifically designed to enhance your visit.ShopShop onlineby your desired effect for a smooth and convenient experience.ExploreWhen you arrive, you’ll be greeted by our spacious 6,000 square foot dispensary filled with premium cannabis products.DineSoon, you’ll be able to enjoy local food trucks and outdoor seating right next door.,Shop By CategoryFlowerEdiblesPre-RollsVapesConcentratesTincturesApparelAcessoriesTopicals",,"Treasure Valley CannabisVisit UsHoursMon- Sun: 7:00am – 10:00pmContact560 SE 12th Avenue,Ontario Oregon 97914(458) 224-8400Order OnlineVisit Us,Plan Your Trip Treasure ValleyListenStart by exploring ourcurated playlists, specifically designed to enhance your visit.ShopShop onlineby your desired effect for a smooth and convenient experience.ExploreWhen you arrive, you’ll be greeted by our spacious 6,000 square foot dispensary filled with premium cannabis products.DineSoon, you’ll be able to enjoy local food trucks and outdoor seating right next door.,Shop By CategoryFlowerEdiblesPre-RollsVapesConcentratesTincturesApparelAcessoriesTopicals,Any Questions?FAQSWhat areas do we serve?At Treasure Valley, we’re happy to assist customers visiting from the following areas and beyond:OregonHuntington, ORIdahoBoise, IDFruitland, IDNampa, IDPayette, IDWashoe, IDEagle, IDWhat forms of ID are accepted at TVCC?In order to enter a dispensary or buy cannabis you must present a valid ID.Per OLCC guidelines the following are considered valid forms of ID:An unexpired and unaltered U.S. state or District of Columbia driver license.An unexpired and unaltered identification card issued by a U.S. state, District of Columbia, Puerto Rico, Guam, Northern Mariana Islands, United States Virgin Islands, or American Samoa, with photo, name, date of birth, and physical description.An unexpired and unaltered ID card issued by a federally recognized Indian tribe with photo, name, and date of birth.An unexpired and unaltered passport or unexpired and unaltered passport card.An unexpired and unaltered U.S. military ID card.* A cannabis retailer may require ID from a person in addition to what is listed above.*If you are traveling from another country outside of the United States you will need to present your passport. Nexus cards cannot be accepted.How much cannabis can I purchase?A customer cannot purchase more than the following amounts at any one time or within one day:Two ounces of usable marijuana if a recreational consumer;Eight ounces of usable marijuana at any one time or within one day, and no more than 32 ounces in one calendar month if an OMMP registry identification cardholder or designated caregiver;16 ounces of a cannabinoid product in solid form;72 ounces of a cannabinoid product in liquid form;Ten grams of cannabinoid products intended for inhalation (smoking or vaporizing);Ten grams of cannabinoid extracts or concentrates, whether sold alone or contained in an inhalant delivery system;Four immature marijuana plants; and Ten marijuana seeds.I'm a registered OMMP patient, but I'm 18 years old.  Can I buy marijuana from an OLCC retailer?OLCC retailers selling marijuana for medical purposes can sell medical marijuana to OMMP patients 18 years of age or older.How old do I have to be to visit TVCC?You must be 21 years or older with valid ID to enter a dispensary (or 18 years old with a valid Oregon medical registry identification card).If I forgot my ID or am not 21 yet but want to just look around, can I?No. You must be 21 years or older with valid ID to enter a dispensary.When can I smoke/use recreational marijuana?As of July 1, 2015, Oregonians are allowed to grow up to four plants per household, and possess up to eight ounces of usable marijuana in their homes and up to one ounce on their person. Recreational marijuana cannot be sold or smoked in public.Recreational marijuana can be consumed by individuals over 21 years of age in any private, non-public place, assuming you have permission to do so.Can I smoke marijuana in a bar/restaurant?Marijuana cannot be smoked or used in a public place. The OLCC considers any establishment with a state liquor license to be public, including patios or decks set aside for smokers. Allowing marijuana use may put an establishment’s liquor license in jeopardy. In addition, smoking and vaping in most businesses is limited by the Indoor Clean Air Act.What is the definition of a public place?Chapter 475C defines a public place as “a place to which the general public has access and includes, but is not limited to, hallways, lobbies, and other parts of apartment houses and hotels not constituting rooms or apartments designed for actual residence, and highways, streets, schools, places of amusement, parks, playgrounds and premises used in connection with public passenger transportation.Who can smoke recreational marijuana? What is the minimum age?As of July 1, 2015, anyone at least 21 years of age can consume recreational marijuana in Oregon. Marijuana use or possession of recreational marijuana by anyone under 21 years of age is illegal. That includes home consumption.Can Oregon recreational marijuana be taken to the state of Washington or California where it is also legal?No. Taking marijuana across state lines is a federal offense.Can I get a DUI under the influence of marijuana?Current laws for DUII have not changed. Driving under the influence of intoxicants (DUII) refers to operating a motor vehicle while intoxicated or drugged, including impairment from the use of marijuana. I",
https://www.treasurevalleycannabis.com/shop/flower/?cp=true,Menu,From$14,Upcountry Cannabis,"Skip to main contentTreasure Valley Cannabis CompanyMenuMenuShopVirtual BudtenderLoyaltySpecialsAboutEducationVisit UsOrder AheadShopFlowerEdiblesPre-RollsVapesConcentratesTincturesTopicalsAboutAbout UsOur FarmOur ProductsVisit UsEventsLocationContactShopFlowerEdiblesPre-RollsVapesConcentratesTincturesTopicalsVirtual BudtenderLoyaltySpecialsAboutAbout UsOur FarmOur ProductsEducationVisit UsEventsLocationContactOrder AheadFlowerEdiblesPre-RollsVapesConcentratesTincturesTopicalsHomeMenuFlowerFlowerShop AllFlowerEdiblesPre-RollsVapesConcentrateTincturesCBDClonesTopicalsSeedsApparelAccessoriesFilterSort ResultsSort By: Best SellingDefaultBest SellingLow to High PriceHigh to Low PriceLow to High PotencyHigh to Low PotencyName: A-ZName: Z-AFiltersSort bySort ResultsSort By: Best SellingDefaultBest SellingLow to High PriceHigh to Low PriceLow to High PotencyHigh to Low PotencyName: A-ZName: Z-ABrandsAnanda FarmsBaho BudsBotanikos LLCCheech & ChongCold Frame FarmsCruise ControlDatfyeDogHouse FarmsEarl BakerEarl BakerEastwood GardensGarden of the GodsGrowing Up CannabisGrown RogueGud GardensHazy ValleyHigh Noon CultivationHigh Tech FarmHometown CultivationLeft Coast FarmsLivetia FarmsLove MaryLUVLIMeraki Gardens Ounce'sMidnight Fruit CompanyNorthwest SoiltechOregon RootsOtis GardensPacific GrovePanda FarmsPDX OrganixPiff StixsRolen StoneRosebud GrowersSelf Made FarmsShangri La FarmsThe Heights Co.Treasure Valley Cannabis CompanyUpcountry CannabisWicked KindWilliams Wonder FarmsView AllStrain TypesHybridIndicaSativaIndica HybridTHCTHC:0% - 50%050CBDCBD:0% - 50%050Clear AllSearchSort ResultsSort By: Best SellingDefaultBest SellingLow to High PriceHigh to Low PriceLow to High PotencyHigh to Low PotencyName: A-ZName: Z-AClearShow ResultsFrom$141g1/8oz1/4oz1/2oz1oz$14 Viper CookiesMidnight Fruit CompanyIndicaTHC: 30.02%CBD: 0.1%Add To CartFrom$141g1/8oz1/4oz1/2oz1ozFrom$61g1/8oz1/4oz1/2oz1oz$6 Sour DieselShangri La FarmsSativaTHC: 24.57%CBD: 0.09%Add To CartFrom$61g1/8oz1/4oz1/2oz1ozFrom$101g1/8oz1/4oz1/2oz1oz$10 LemonheadzzzRosebud GrowersSativaTHC: 28.78%Add To CartFrom$101g1/8oz1/4oz1/2oz1oz30% Off30% Off$25.20$361/4ozPiff Stixs 7g PACK MULE Pre Packaged FlowerPiff StixsIndicaTHC: 26.74%Add To Cart$25.20$361/4ozFrom$61g1/8oz1/4oz1/2oz1oz$6 Hash BurgerShangri La FarmsIndicaTHC: 32.32%CBD: 0.13%Add To CartFrom$61g1/8oz1/4oz1/2oz1ozFrom$101g1/8oz1/4oz1/2oz1oz$10 Dirty Love SugarBotanikos LLCHybridTHC: 25.01%CBD: 0.12%Add To CartFrom$101g1/8oz1/4oz1/2oz1ozFrom$101g1/8oz1/4oz1/2oz1oz$10 Randy MarshBotanikos LLCHybridTHC: 25.35%CBD: 0.08%Add To CartFrom$101g1/8oz1/4oz1/2oz1oz20% Off20% OffFrom$11.21$141g1/8oz1/4oz1/2oz1oz$14 Black MapleLeft Coast FarmsHybridTHC: 28.07%CBD: 0.09%Add To CartFrom$11.21$141g1/8oz1/4oz1/2oz1ozFrom$61g1/8oz1/4oz1/2oz1oz$6 Chocolate RuntzAnanda FarmsHybridTHC: 32.03%CBD: 0.1%Add To CartFrom$61g1/8oz1/4oz1/2oz1oz$601oz$60 Insane Pound CakeTreasure Valley Cannabis CompanyHybridTHC: 22.5%Add To Cart$601oz30% Off30% OffFrom$7$101g1/8oz1/4oz1/2oz$10 Scissor QueenPDX OrganixHybridTHC: 21.36%Add To CartFrom$7$101g1/8oz1/4oz1/2ozFrom$61g1/8oz1/4oz1/2oz1oz$6 Scented Marker*Grown RogueHybridTHC: 27.41%CBD: 0.09%Add To CartFrom$61g1/8oz1/4oz1/2oz1ozFrom$61g1/8oz1/4oz1/2oz1oz$6 Lemon FreshGrowing Up CannabisSativaTHC: 23.62%CBD: 0.09%Add To CartFrom$61g1/8oz1/4oz1/2oz1oz30% Off30% OffFrom$4.20$61g1/8oz1/4oz1/2oz1oz$6 Cherry LoopsPDX OrganixHybridTHC: 18.76%Add To CartFrom$4.20$61g1/8oz1/4oz1/2oz1ozFrom$101g1/8oz1/4oz1/2oz1oz$10 Blueberry BreezeUpcountry CannabisHybridTHC: 22.37%CBD: 0.12%Add To CartFrom$101g1/8oz1/4oz1/2oz1oz$801oz$80 Blue City DieselWilliams Wonder FarmsIndicaTHC: 20.58%CBD: 0.11%Add To Cart$801ozFrom$61g1/8oz1/4oz1/2oz1oz$6 Tangie Lime SourAnanda FarmsSativaTHC: 26.41%CBD: 0.09%Add To CartFrom$61g1/8oz1/4oz1/2oz1ozFrom$101g1/8oz1/4oz1/2oz1oz$10 Master MindDatfyeIndicaTHC: 32%CBD: 0.08%Add To CartFrom$101g1/8oz1/4oz1/2oz1oz30% Off30% OffFrom$7$101g1/8oz1/4oz1/2oz1oz$10 Black DolphinPDX OrganixIndicaTHC: 24.86%CBD: 0.07%Add To CartFrom$7$101g1/8oz1/4oz1/2oz1oz30% Off30% OffFrom$7$101g1/8oz1/4oz1/2oz1oz$10 Trop Cherry GasPDX OrganixIndicaTHC: 21.75%Add To CartFrom$7$101g1/8oz1/4oz1/2oz1ozFrom$61g1/8oz1/4oz1/2oz1oz$6 LA Kush CakeBaho BudsIndicaTHC: 24.93%CBD: 0.08%Add To CartFrom$61g1/8oz1/4oz1/2oz1ozFrom$61g1/8oz1/4oz1/2oz1oz$6 Triple BeamGrown RogueIndicaTHC: 24.64%CBD: 0.13%Add To CartFrom$61g1/8oz1/4oz1/2oz1oz$601oz$60 Biscotti CreamTreasure Valley Cannabis CompanyIndicaTHC: 15.79%CBD: 0.06%Add To Cart$601ozFrom$101g1/8oz1/4oz1/2oz1oz$10 Strawberry OGOregon RootsSativaTHC: 25.87%Add To CartFrom$101g1/8oz1/4oz1/2oz1oz1234NextShopping CartYour cart's emptywas just added to your cart.Continue to CartLoading...Continue to CartTreasure Valley Cannabis FlowerTreasure Valley has one of the finest collections of cannabis flower Ontario OR has to offer. With an extensive collection of strains from the top cultivators in the state, Treasure Valley Cannabis Company makes finding only top-shelf flower easy and the rarest strains simple to secure.The Best Cannabis Flower in Ontario ORTreasure Valley is the go-to spot for the top cannabis flower in Ontario OR. They team up with the most trusted growers to bring a stellar selection of Indicas, Sativas, and hybrids right to their menu. You’ll see the state’s most recognized growers, like DogHouse Farms, Alibi Cannabis, Derby’s Farm, and Grown Rogue.From small craft farms to larger-scale cultivators, Treasure Valley brings the best of OR to the table. By hand-selecting partner brands worthy of inclusion in the lineup, TVCC ensures every cannabis flower on the menu deserves its spot. If you find it on the menu, rest assured that flower is explicitly grown to impress and will deliver a good experience.A Potent and Particularly Selected Collection of StrainsTreasure Valley helps every visitor find the perfect strain for a perfect day. The impressive collection of strains from a diverse spectrum of brands means you have access to a range of potency levels and strains with unique terpene profiles. From highly potent, contemporary strains like Mule Fuel and Mike & Gary to mid-range, traditional cultivars we all know and love like Durban Poison, the TVCC menu is never short on options.Whether you’re searching for a specific Indica, a well-loved Sativa, or the perfect balance of a hybrid strain you heard about, Treasure Valley delivers. The menu offers an unbeatable selection of flower that never lacks in terms of quality and potency.Find the Best Flower Near Idaho at Treasure ValleyAt Treasure Valley Cannabis Company, discovering high-quality cannabis flower that meets every need and preference is easy. For those near Idaho, it’s just a short trip to visit—Treasure Valley is conveniently close and eager to help find the perfect flower. Visitors can expect to experience the best in local cannabis with a friendly and knowledgeable team ready to assist or offer recommendations.ProductsFlowerEdiblesPre-RollsVapesConcentratesTincturesTopicalsQuick LinksShopVirtual BudtenderSpecialsAboutEducationContactVisit UsCareersContact560 SE 12th AveOntario OR, 97914(458) 224-8400Mon-Sun: 7:00am – 10:00pminfo@treasurevalleycannabis.comWant to hear more from us?  Sign up for our newsletter.Email© 2026 
				Treasure Valley Cannabis Company. 
				All Rights Reserved.facebookinstagramtwitterTerms & ConditionsSite bySearch All ProductsSearchSwitch your Store to$100 Gas Berry?Each location has its own separate shopping cart.If you switch locations, your current cart items will not transfer over.CancelSelect weight$NaN / ea11Add To CartfacebookinstagramtwitterAre you 21 years of age or a registered medical cardholder?Yes I amNo, Not yetYou are not old enough to view this WebsiteNotificationsLet me help you findwhat you're looking for!,HomeMenuFlower,Flower",,"Skip to main contentTreasure Valley Cannabis CompanyMenuMenuShopVirtual BudtenderLoyaltySpecialsAboutEducationVisit UsOrder AheadShopFlowerEdiblesPre-RollsVapesConcentratesTincturesTopicalsAboutAbout UsOur FarmOur ProductsVisit UsEventsLocationContactShopFlowerEdiblesPre-RollsVapesConcentratesTincturesTopicalsVirtual BudtenderLoyaltySpecialsAboutAbout UsOur FarmOur ProductsEducationVisit UsEventsLocationContactOrder AheadFlowerEdiblesPre-RollsVapesConcentratesTincturesTopicalsHomeMenuFlowerFlowerShop AllFlowerEdiblesPre-RollsVapesConcentrateTincturesCBDClonesTopicalsSeedsApparelAccessoriesFilterSort ResultsSort By: Best SellingDefaultBest SellingLow to High PriceHigh to Low PriceLow to High PotencyHigh to Low PotencyName: A-ZName: Z-AFiltersSort bySort ResultsSort By: Best SellingDefaultBest SellingLow to High PriceHigh to Low PriceLow to High PotencyHigh to Low PotencyName: A-ZName: Z-ABrandsAnanda FarmsBaho BudsBotanikos LLCCheech & ChongCold Frame FarmsCruise ControlDatfyeDogHouse FarmsEarl BakerEarl BakerEastwood GardensGarden of the GodsGrowing Up CannabisGrown RogueGud GardensHazy ValleyHigh Noon CultivationHigh Tech FarmHometown CultivationLeft Coast FarmsLivetia FarmsLove MaryLUVLIMeraki Gardens Ounce'sMidnight Fruit CompanyNorthwest SoiltechOregon RootsOtis GardensPacific GrovePanda FarmsPDX OrganixPiff StixsRolen StoneRosebud GrowersSelf Made FarmsShangri La FarmsThe Heights Co.Treasure Valley Cannabis CompanyUpcountry CannabisWicked KindWilliams Wonder FarmsView AllStrain TypesHybridIndicaSativaIndica HybridTHCTHC:0% - 50%050CBDCBD:0% - 50%050Clear AllSearchSort ResultsSort By: Best SellingDefaultBest SellingLow to High PriceHigh to Low PriceLow to High PotencyHigh to Low PotencyName: A-ZName: Z-AClearShow ResultsFrom$141g1/8oz1/4oz1/2oz1oz$14 Viper CookiesMidnight Fruit CompanyIndicaTHC: 30.02%CBD: 0.1%Add To CartFrom$141g1/8oz1/4oz1/2oz1ozFrom$61g1/8oz1/4oz1/2oz1oz$6 Sour DieselShangri La FarmsSativaTHC: 24.57%CBD: 0.09%Add To CartFrom$61g1/8oz1/4oz1/2oz1ozFrom$101g1/8oz1/4oz1/2oz1oz$10 LemonheadzzzRosebud GrowersSativaTHC: 28.78%Add To CartFrom$101g1/8oz1/4oz1/2oz1oz30% Off30% Off$25.20$361/4ozPiff Stixs 7g PACK MULE Pre Packaged FlowerPiff StixsIndicaTHC: 26.74%Add To Cart$25.20$361/4ozFrom$61g1/8oz1/4oz1/2oz1oz$6 Hash BurgerShangri La FarmsIndicaTHC: 32.32%CBD: 0.13%Add To CartFrom$61g1/8oz1/4oz1/2oz1ozFrom$101g1/8oz1/4oz1/2oz1oz$10 Dirty Love SugarBotanikos LLCHybridTHC: 25.01%CBD: 0.12%Add To CartFrom$101g1/8oz1/4oz1/2oz1ozFrom$101g1/8oz1/4oz1/2oz1oz$10 Randy MarshBotanikos LLCHybridTHC: 25.35%CBD: 0.08%Add To CartFrom$101g1/8oz1/4oz1/2oz1oz20% Off20% OffFrom$11.21$141g1/8oz1/4oz1/2oz1oz$14 Black MapleLeft Coast FarmsHybridTHC: 28.07%CBD: 0.09%Add To CartFrom$11.21$141g1/8oz1/4oz1/2oz1ozFrom$61g1/8oz1/4oz1/2oz1oz$6 Chocolate RuntzAnanda FarmsHybridTHC: 32.03%CBD: 0.1%Add To CartFrom$61g1/8oz1/4oz1/2oz1oz$601oz$60 Insane Pound CakeTreasure Valley Cannabis CompanyHybridTHC: 22.5%Add To Cart$601oz30% Off30% OffFrom$7$101g1/8oz1/4oz1/2oz$10 Scissor QueenPDX OrganixHybridTHC: 21.36%Add To CartFrom$7$101g1/8oz1/4oz1/2ozFrom$61g1/8oz1/4oz1/2oz1oz$6 Scented Marker*Grown RogueHybridTHC: 27.41%CBD: 0.09%Add To CartFrom$61g1/8oz1/4oz1/2oz1ozFrom$61g1/8oz1/4oz1/2oz1oz$6 Lemon FreshGrowing Up CannabisSativaTHC: 23.62%CBD: 0.09%Add To CartFrom$61g1/8oz1/4oz1/2oz1oz30% Off30% OffFrom$4.20$61g1/8oz1/4oz1/2oz1oz$6 Cherry LoopsPDX OrganixHybridTHC: 18.76%Add To CartFrom$4.20$61g1/8oz1/4oz1/2oz1ozFrom$101g1/8oz1/4oz1/2oz1oz$10 Blueberry BreezeUpcountry CannabisHybridTHC: 22.37%CBD: 0.12%Add To CartFrom$101g1/8oz1/4oz1/2oz1oz$801oz$80 Blue City DieselWilliams Wonder FarmsIndicaTHC: 20.58%CBD: 0.11%Add To Cart$801ozFrom$61g1/8oz1/4oz1/2oz1oz$6 Tangie Lime SourAnanda FarmsSativaTHC: 26.41%CBD: 0.09%Add To CartFrom$61g1/8oz1/4oz1/2oz1ozFrom$101g1/8oz1/4oz1/2oz1oz$10 Master MindDatfyeIndicaTHC: 32%CBD: 0.08%Add To CartFrom$101g1/8oz1/4oz1/2oz1oz30% Off30% OffFrom$7$101g1/8oz1/4oz1/2oz1oz$10 Black DolphinPDX OrganixIndicaTHC: 24.86%CBD: 0.07%Add To CartFrom$7$101g1/8oz1/4oz1/2oz1oz30% Off30% OffFrom$7$101g1/8oz1/4oz1/2oz1oz$10 Trop Cherry GasPDX OrganixIndicaTHC: 21.75%Add To CartFrom$7$101g1/8oz1/4oz1/2oz1ozFrom$61g1/8oz1/4oz1/2oz1oz$6 LA Kush CakeBaho BudsIndicaTHC: 24.93%CBD: 0.08%Add To CartFrom$61g1/8oz1/4oz1/2oz1ozFrom$61g1/8oz1/4oz1/2oz1oz$6 Triple BeamGrown RogueIndicaTHC: 24.64%CBD: 0.13%Add To CartFrom$61g1/8oz1/4oz1/2oz1oz$601oz$60 Biscotti CreamTreasure Valley Cannabis CompanyIndicaTHC: 15.79%CBD: 0.06%Add To Cart$601ozFrom$101g1/8oz1/4oz1/2oz1oz$10 Strawberry OGOregon RootsSativaTHC: 25.87%Add To CartFrom$101g1/8oz1/4oz1/2oz1oz1234NextShopping CartYour cart's emptywas just added to your cart.Continue to CartLoading...Continue to CartTreasure Valley Cannabis FlowerTreasure Valley has one of the finest collections of cannabis flower Ontario OR has to offer. With an extensive collection of strains from the top cultivators in the state, Treasure Valley Cannabis Company makes finding only top-shelf flower easy and the rarest strains simple to secure.The Best Cannabis Flower in Ontario ORTreasure Valley is the go-to spot for the top cannabis flower in Ontario OR. They team up with the most trusted growers to bring a stellar selection of Indicas, Sativas, and hybrids right to their menu. You’ll see the state’s most recognized growers, like DogHouse Farms, Alibi Cannabis, Derby’s Farm, and Grown Rogue.From small craft farms to larger-scale cultivators, Treasure Valley brings the best of OR to the table. By hand-selecting partner brands worthy of inclusion in the lineup, TVCC ensures every cannabis flower on the menu deserves its spot. If you find it on the menu, rest assured that flower is explicitly grown to impress and will deliver a good experience.A Potent and Particularly Selected Collection of StrainsTreasure Valley helps every visitor find the perfect strain for a perfect day. The impressive collection of strains from a diverse spectrum of brands means you have access to a range of potency levels and strains with unique terpene profiles. From highly potent, contemporary strains like Mule Fuel and Mike & Gary to mid-range, traditional cultivars we all know and love like Durban Poison, the TVCC menu is never short on options.Whether you’re searching for a specific Indica, a well-loved Sativa, or the perfect balance of a hybrid strain you heard about, Treasure Valley delivers. The menu offers an unbeatable selection of flower that never lacks in terms of quality and potency.Find the Best Flower Near Idaho at Treasure ValleyAt Treasure Valley Cannabis Company, discovering high-quality cannabis flower that meets every need and preference is easy. For those near Idaho, it’s just a short trip to visit—Treasure Valley is conveniently close and eager to help find the perfect flower. Visitors can expect to experience the best in local cannabis with a friendly and knowledgeable team ready to assist or offer recommendations.ProductsFlowerEdiblesPre-RollsVapesConcentratesTincturesTopicalsQuick LinksShopVirtual BudtenderSpecialsAboutEducationContactVisit UsCareersContact560 SE 12th AveOntario OR, 97914(458) 224-8400Mon-Sun: 7:00am – 10:00pminfo@treasurevalleycannabis.comWant to hear more from us?  Sign up for our newsletter.Email© 2026 
				Treasure Valley Cannabis Company. 
				All Rights Reserved.facebookinstagramtwitterTerms & ConditionsSite bySearch All ProductsSearchSwitch your Store to$100 Gas Berry?Each location has its own separate shopping cart.If you switch locations, your current cart items will not transfer over.CancelSelect weight$NaN / ea11Add To CartfacebookinstagramtwitterAre you 21 years of age or a registered medical cardholder?Yes I amNo, Not yetYou are not old enough to view this WebsiteNotificationsLet me help you findwhat you're looking for!,HomeMenuFlower,Flower,Shop All,Shop All,Flower,Flower,Edibles,Edibles,Pre-Rolls,Pre-Rolls,Vapes,Vapes,Concentrate,Concentrate,Tinctures,Tinctures,CBD,CBD,Clones,Clones,Topicals,Topicals,Seeds,Seeds,Apparel,Apparel,Accessories,Accessories,Treasure Valley Cannabis FlowerTreasure Valley has one of the finest collections of cannabis flower Ontario OR has to offer. With an extensive collection of strains from the top cultivators in the state, Treasure Valley Cannabis Company makes finding only top-shelf flower easy and the rarest strains simple to secure.The Best Cannabis Flower in Ontario ORTreasure Valley is the go-to spot for the top cannabis flower in Ontario OR. They team up with the most trusted growers to bring a stellar selection of Indicas, Sativas, and hybrids right to their menu. You’ll see the state’s most recognized growers, like DogHouse Farms, Alibi Cannabis, Derby’s Farm, and Grown Rogue.From small craft farms to larger-scale cultivators, Treasure Valley brings the best of OR to the table. By hand-selecting partner brands worthy of inclusion in the lineup, TVCC ensures every cannabis flower on the menu deserves its spot. If you find it on the menu, rest assured that flower is explicitly grown to impress and will deliver a good experience.A Potent and Particularly Selected Collection of StrainsTreasure Valley helps every visitor find the perfect strain for a perfect day. The impressive collection of strains from a diverse spectrum of brands means you have access to a range of potency levels and strains with unique terpene profiles. From highly potent, contemporary strains like Mule Fuel and Mike & Gary to mid-range, traditional cultivars we all know and love like Durban Poison, the TVCC menu is never short on options.Whether you’re searching for a specific Indica, a well-loved Sativa, or the perfect balance of a hybrid strain you heard about, Treasure Valley delivers. The menu offers an unbeatable selection of flower that never lacks in terms of quality and potency.Find the Best Flower Near Idaho at Treasure ValleyAt Treasure Valley Cannabis Company, discovering high-quality cannabis flower that meets every need and preference is easy. For those near Idaho, it’s just a short trip to visit—Treasure Valley is conveniently close and eager to help find the perfect flower. Visitors can expect to experience the best in local cannabis with a friendly and knowledgeable team ready to assist or offer recommendations.",
